city,date,fare,,,,,
Amandaburgh,3/5/2018 2:15,26.28,,,,,
Amandaburgh,2/24/2018 23:10,43.66,,,,,
Amandaburgh,2/10/2018 20:42,36.17,,,,,
Amandaburgh,1/11/2018 2:22,29.24,,,,,
Amandaburgh,1/21/2018 4:12,9.26,,,,,
Amandaburgh,4/19/2018 16:30,6.27,,,,,
Amandaburgh,3/20/2018 7:40,27.45,,,,,
Amandaburgh,4/1/2018 9:24,24.29,,,,,
Amandaburgh,4/20/2018 2:16,16.27,,,,,
Amandaburgh,3/13/2018 12:52,13.88,,,,,
Amandaburgh,4/22/2018 21:34,42.52,,,,,
Amandaburgh,2/6/2018 10:02,11.93,,,,,
Amandaburgh,4/24/2018 8:02,14.55,,,,,
Amandaburgh,4/5/2018 10:22,25.55,,,,,
Amandaburgh,3/7/2018 2:26,18.76,,,,,
Amandaburgh,1/2/2018 9:57,33.06,,,,,
Amandaburgh,1/13/2018 16:04,23.35,,,,,
Amandaburgh,1/29/2018 23:28,41.06,443.55,18,24.64166667,,
Barajasview,1/15/2018 2:59,19.52,,,,,
Barajasview,1/23/2018 13:23,37.68,,,,,
Barajasview,2/8/2018 18:07,24.49,,,,,
Barajasview,3/1/2018 11:06,28.25,,,,,
Barajasview,2/19/2018 2:25,26.83,,,,,
Barajasview,4/15/2018 20:37,17.76,,,,,
Barajasview,5/2/2018 21:02,17.12,,,,,
Barajasview,4/9/2018 8:10,39.36,26th item missing,,-8th for the city/22,,22
Barajasview,2/3/2018 9:58,39.39,,,,,
Barajasview,3/12/2018 4:54,37.05,,,,,
Barajasview,3/15/2018 22:44,28.3,,,,,
Barajasview,3/19/2018 12:17,26.6,,,,,
Barajasview,1/2/2018 23:23,36.13,,,,,
Barajasview,1/14/2018 11:00,19.81,,,,,
Barajasview,5/6/2018 1:06,17.63,,,,,
Barajasview,4/3/2018 15:25,44.15,,,,,
Barajasview,1/24/2018 5:58,9.21,,,,,
Barajasview,3/24/2018 6:34,12.24,,,,,
Barajasview,4/18/2018 8:44,12.35,,,,,
Barajasview,1/4/2018 9:32,12.25,,,,,
Barajasview,3/29/2018 1:02,29.55,,,,,
Barajasview,1/12/2018 23:20,21.64,557.31,22,25.33227273,39.36,my count one too low and missing 39.36
Barronchester,1/27/2018 3:08,27.79,582.76,39.191,16,my count one too low and missing 39.19,
Barronchester,5/5/2018 4:03,30.38,,,,,
Barronchester,4/25/2018 19:11,36.13,,,,,
Barronchester,3/31/2018 6:05,44.24,,,,,
Barronchester,3/2/2018 23:36,36.49,,,,,
Barronchester,4/7/2018 14:43,21.95,,,,,
Barronchester,2/18/2018 18:35,42.32,,,,,
Barronchester,3/6/2018 6:36,46.07,,,,,
Barronchester,3/26/2018 18:27,30.32,,,,,
Barronchester,3/20/2018 18:52,35.09,,,,,
Barronchester,1/9/2018 9:01,38.57,,,,,
Barronchester,2/4/2018 14:59,45.75,,,,,
Barronchester,4/28/2018 11:49,39.19, 53rd item 13th  city/16 count,,,,
Barronchester,3/19/2018 19:18,46.42,,,,,
Barronchester,4/2/2018 19:38,28.55,,,,,
Barronchester,4/5/2018 14:12,33.5,,,,,
Bethanyland,4/1/2018 22:04,38.71,593.21,548.9,44.31,,
Bethanyland,3/15/2018 19:42,37.09,,,,,
Bethanyland,2/11/2018 17:43,23.06,,,,,
Bethanyland,5/3/2018 4:50,40.85,,,,,
Bethanyland,3/26/2018 18:27,24.27,,,,,
Bethanyland,2/18/2018 9:31,38.8,,,,,
Bethanyland,2/3/2018 5:47,22.82,,,,,
Bethanyland,2/8/2018 19:50,28.27,,,,,
Bethanyland,3/17/2018 20:29,44.81,,,,,
Bethanyland,1/25/2018 1:04,41.85,,,,,
Bethanyland,1/28/2018 8:33,23.73,,,,,
Bethanyland,4/30/2018 19:49,27.99,,,,,
Bethanyland,4/17/2018 22:37,28.68,,,,,
Bethanyland,3/23/2018 21:53,40.07,,,,,
Bethanyland,3/14/2018 9:47,44.31,- 71 15th city ,,,,
Bethanyland,3/15/2018 13:10,39.66,,,,,
Bethanyland,3/6/2018 10:01,13.86,,,,,
Bethanyland,4/2/2018 4:29,34.38,,,,,
Bradshawfurt,3/6/2018 21:44,19.74,400.64,-55.19,,,
Bradshawfurt,3/24/2018 18:53,57.51,,,,,
Bradshawfurt,3/24/2018 7:34,19.89,,,,,
Bradshawfurt,2/18/2018 22:21,34.32,,,,,
Bradshawfurt,4/8/2018 13:46,55.19,- 79 4th in city ,,,,
Bradshawfurt,4/7/2018 21:12,49.7,,,,,
Bradshawfurt,2/23/2018 12:00,37.05,,,,,
Bradshawfurt,4/10/2018 9:47,19.07,,,,,
Bradshawfurt,1/19/2018 20:21,56.78,,,,,
Bradshawfurt,1/30/2018 10:55,51.39,,,,,
Brandonfort,1/14/2018 12:35,28.02,673.31,-35.76,,,
Brandonfort,4/8/2018 20:02,35.64,,,,,
Brandonfort,3/22/2018 16:17,38.66,,,,,
Brandonfort,5/2/2018 3:14,48.63,,,,,
Brandonfort,1/2/2018 1:41,49.95,,,,,
Brandonfort,3/19/2018 5:49,45.52,,,,,
Brandonfort,4/7/2018 0:42,35.76,19,91st item 6 of 19,,,
Brandonfort,2/6/2018 2:32,35.41,,,,,
Brandonfort,1/11/2018 16:25,37.35,,,,,
Brandonfort,5/3/2018 2:01,41.62,,,,,
Brandonfort,3/26/2018 19:35,19.22,,,,,
Brandonfort,1/10/2018 11:10,40.2,,,,,
Brandonfort,3/13/2018 23:19,21.62,,,,,
Brandonfort,4/19/2018 5:52,44.24,,,,,
Brandonfort,3/16/2018 20:49,19.23,,,,,
Brandonfort,1/30/2018 1:51,17.5,,,,,
Brandonfort,4/4/2018 21:13,21.56,,,,,
Brandonfort,3/3/2018 4:25,46.01,,,,,
Brandonfort,4/15/2018 4:12,47.17,,,,,
Carriemouth,2/25/2018 8:26,32.37,,,,,
Carriemouth,3/11/2018 21:35,16.78,,,,,
Carriemouth,4/4/2018 13:22,12.91,,,,,
Carriemouth,4/28/2018 14:28,11.46,,,,,
Carriemouth,2/21/2018 16:38,44.18,,,,,
Carriemouth,3/2/2018 15:40,28.04,,,,,
Carriemouth,3/21/2018 15:40,44.64,,,,,
Carriemouth,5/1/2018 4:53,10.97,,,,,
Carriemouth,3/27/2018 2:11,38.69,,,,,
Carriemouth,1/15/2018 6:27,24.13,,,,,
Carriemouth,5/8/2018 4:20,21.99,,,,,
Carriemouth,2/4/2018 0:29,24.87,,,,,
Carriemouth,2/17/2018 5:01,22.66,,,,,
Carriemouth,1/4/2018 15:56,31.99,,,,,
Carriemouth,4/28/2018 9:25,37.35,,,,,
Carriemouth,4/1/2018 0:35,27.84,,,,,
Carriemouth,3/8/2018 13:35,34.32,,,,,
Carriemouth,3/26/2018 10:39,26.91,,,,,
Carriemouth,2/21/2018 15:09,23.48,,,,,
Carriemouth,2/26/2018 5:24,19.05,,,,,
Carriemouth,4/18/2018 17:01,37.63,,,,,
Carriemouth,4/15/2018 8:00,40.03,,,,,
Carriemouth,3/8/2018 9:53,37.81,,,,,
Carriemouth,5/4/2018 10:28,41.54,,,,,
Carriemouth,4/5/2018 2:03,38.17,,,,,
Carriemouth,4/27/2018 20:41,8.28,,,,,
Carriemouth,3/25/2018 21:25,26.4,,,,,
Christopherfurt,4/17/2018 2:25,23.3,,,,,
Christopherfurt,1/5/2018 22:21,33.51,,,,,
Christopherfurt,2/24/2018 2:56,40.33,,,,,
Christopherfurt,4/13/2018 8:29,37.22,,,,,
Christopherfurt,4/9/2018 0:32,29.96,,,,,
Christopherfurt,4/17/2018 22:12,32.39,,,,,
Christopherfurt,3/30/2018 13:15,31.3,,,,,
Christopherfurt,3/16/2018 19:46,19.61,,,,,
Christopherfurt,1/30/2018 22:09,6.32,,,,,
Christopherfurt,2/8/2018 11:46,25.76,,,,,
Christopherfurt,4/12/2018 14:37,22.91,,,,,
Christopherfurt,4/6/2018 22:33,27.46,,,,,
Christopherfurt,1/4/2018 4:30,15.47,,,,,
Christopherfurt,3/12/2018 9:22,35.57,,,,,
Christopherfurt,5/7/2018 17:27,6.39,,,,,
Christopherfurt,3/25/2018 17:11,7.19,,,,,
Christopherfurt,5/3/2018 12:46,14.43,,,,,
Christopherfurt,3/18/2018 9:24,7.45,,,,,
Christopherfurt,3/25/2018 20:35,23.38,,,,,
Christopherfurt,2/12/2018 14:24,11.7,,,,,
Christopherfurt,3/10/2018 7:36,22.65,,,,,
Christopherfurt,3/15/2018 10:22,34.09,,,,,
Christopherfurt,4/14/2018 3:24,39.91,,,,,
Christopherfurt,2/23/2018 8:31,15.61,,,,,
Christopherfurt,2/4/2018 12:11,41.12,,,,,
Christopherfurt,4/4/2018 1:11,24.47,,,,,
Christopherfurt,3/13/2018 1:47,32.05,,,,,
Colemanland,4/20/2018 2:52,20.83,,,,,
Colemanland,3/5/2018 4:33,13.39,,,,,
Colemanland,3/2/2018 2:11,36.81,,,,,
Colemanland,2/20/2018 4:19,43.09,,,,,
Colemanland,1/1/2018 0:46,47.74,,,,,
Colemanland,2/21/2018 22:04,30.97,,,,,
Colemanland,2/1/2018 20:59,16.11,,,,,
Colemanland,2/28/2018 21:02,35.07,,,,,
Colemanland,2/26/2018 17:44,32.7,,,,,
Colemanland,4/29/2018 7:09,34.77,,,,,
Colemanland,4/23/2018 17:09,16.1,,,,,
Colemanland,4/22/2018 7:16,31.43,,,,,
Colemanland,4/16/2018 18:17,42.08,,,,,
Colemanland,1/11/2018 0:28,49.28,,,,,
Colemanland,2/16/2018 3:51,15.04,,,,,
Colemanland,2/10/2018 3:12,35.76,,,,,
Colemanland,2/19/2018 2:23,23.45,,,,,
Colemanland,1/22/2018 10:21,46.43,,,,,
Colemanland,4/5/2018 5:23,43.91,,,,,
Colemanland,1/19/2018 15:24,24.4,,,,,
Colemanland,5/4/2018 4:24,12.62,,,,,
Colemanland,1/10/2018 6:49,27.7,,,,,
Davidfurt,1/5/2018 13:42,31.48,,,,,
Davidfurt,1/17/2018 17:58,28.28,,,,,
Davidfurt,3/26/2018 4:20,28.69,,,,,
Davidfurt,3/15/2018 5:02,48.34,,,,,
Davidfurt,2/3/2018 13:58,33.84,,,,,
Davidfurt,2/20/2018 1:41,46.67,,,,,
Davidfurt,4/6/2018 15:38,17.99,,,,,
Davidfurt,4/27/2018 23:52,45.98,,,,,
Davidfurt,2/12/2018 10:07,49.55,,,,,
Davidfurt,2/18/2018 7:04,17.06,,,,,
Davidfurt,2/1/2018 4:21,20.44,,,,,
Davidfurt,2/3/2018 3:14,40.18,,,,,
Davidfurt,4/18/2018 15:43,47.3,,,,,
Davidfurt,4/3/2018 17:52,21.29,,,,,
Davidfurt,5/7/2018 14:38,13.05,,,,,
Davidfurt,2/5/2018 18:23,27.55,,,,,
Davidfurt,3/9/2018 23:07,26.24,,,,,
Deanville,4/25/2018 3:29,41.52,,,,,
Deanville,5/1/2018 21:53,8.28,,,,,
Deanville,3/29/2018 4:07,5.32,,,,,
Deanville,3/24/2018 0:26,30.55,,,,,
Deanville,2/8/2018 23:33,21.22,,,,,
Deanville,4/15/2018 1:36,24.3,,,,,
Deanville,1/23/2018 13:00,42.45,,,,,
Deanville,4/21/2018 23:32,33.37,,,,,
Deanville,4/26/2018 4:05,28.44,,,,,
Deanville,2/17/2018 15:51,25.33,,,,,
Deanville,4/1/2018 0:11,22.65,,,,,
Deanville,3/7/2018 7:21,31.08,,,,,
Deanville,3/5/2018 12:05,11.16,,,,,
Deanville,1/4/2018 13:30,4.56,,,,,
Deanville,3/5/2018 9:44,42.79,,,,,
Deanville,1/12/2018 7:32,39.45,,,,,
Deanville,1/28/2018 3:13,31.65,,,,,
Deanville,1/7/2018 19:34,21.5,,,,,
Deanville,1/29/2018 21:11,25.39,,,,,
East Aaronbury,3/19/2018 10:43,20.04,,,,,
East Aaronbury,3/16/2018 11:15,20.59,,,,,
East Aaronbury,1/27/2018 9:53,28.56,,,,,
East Aaronbury,4/19/2018 17:18,29.27,,,,,
East Aaronbury,4/8/2018 18:59,21.29,,,,,
East Aaronbury,2/24/2018 16:37,36.88,,,,,
East Aaronbury,1/10/2018 8:33,23.02,,,,,
East Aaronbury,4/4/2018 6:02,16.9,,,,,
East Aaronbury,4/11/2018 3:24,34.4,,,,,
East Danielview,2/25/2018 3:54,26.33,,,,,
East Danielview,4/19/2018 10:36,28.28,,,,,
East Danielview,4/7/2018 6:31,18.98,,,,,
East Danielview,3/2/2018 2:47,14.32,,,,,
East Danielview,5/3/2018 18:09,48.24,,,,,
East Danielview,2/28/2018 20:26,42.71,,,,,
East Danielview,2/19/2018 4:44,31.72,,,,,
East Danielview,1/15/2018 3:55,21.97,,,,,
East Danielview,5/2/2018 19:46,19.41,,,,,
East Danielview,2/14/2018 20:03,20.26,,,,,
East Danielview,5/4/2018 2:14,40.02,,,,,
East Danielview,4/16/2018 21:06,42.94,,,,,
East Danielview,3/4/2018 4:10,17.89,,,,,
East Danielview,4/26/2018 8:14,40.76,,,,,
East Danielview,2/4/2018 11:01,38.38,,,,,
East Danielview,3/27/2018 16:22,36,,,,,
East Danielview,1/25/2018 11:58,48.32,,,,,
East Kaylahaven,2/28/2018 4:13,25.96,,,,,
East Kaylahaven,4/4/2018 2:35,23.18,,,,,
East Kaylahaven,4/2/2018 7:05,9.67,,,,,
East Kaylahaven,1/17/2018 10:15,40.82,,,,,
East Kaylahaven,4/9/2018 16:57,10.03,,,,,
East Kaylahaven,2/11/2018 0:24,43.19,,,,,
East Kaylahaven,4/6/2018 16:17,35.79,,,,,
East Kaylahaven,1/29/2018 7:28,41.62,,,,,
East Kaylahaven,2/28/2018 16:46,33.72,,,,,
East Kaylahaven,3/17/2018 23:54,8.62,,,,,
East Kaylahaven,1/29/2018 13:01,9.81,,,,,
East Kaylahaven,3/23/2018 10:48,4.64,,,,,
East Kaylahaven,1/4/2018 23:57,24.37,,,,,
East Kaylahaven,3/27/2018 0:44,25.29,,,,,
East Kaylahaven,1/7/2018 20:29,5.56,,,,,
East Kaylahaven,3/21/2018 22:54,9.42,,,,,
East Kaylahaven,2/23/2018 0:41,15.94,,,,,
East Kaylahaven,2/10/2018 12:42,6.69,,,,,
East Kaylahaven,1/21/2018 16:07,36.89,,,,,
East Kaylahaven,4/17/2018 0:28,41.19,,,,,
East Kaylahaven,2/16/2018 21:02,34.42,,,,,
East Kaylahaven,3/1/2018 15:07,23.45,,,,,
East Kaylahaven,1/11/2018 10:41,8.02,,,,,
East Kaylahaven,2/4/2018 2:25,38.13,,,,,
East Kaylahaven,1/24/2018 16:52,31.4,,,,,
East Kaylahaven,2/11/2018 21:07,4.75,,,,,
East Kaylahaven,4/30/2018 8:22,37.41,,,,,
East Kaylahaven,3/24/2018 13:53,32.21,,,,,
East Kaylahaven,1/29/2018 6:40,26.79,,,,,
East Kentstad,4/7/2018 19:44,18.75,,,,,
East Kentstad,1/22/2018 20:43,35.01,,,,,
East Kentstad,5/1/2018 17:35,39.29,,,,,
East Kentstad,4/19/2018 21:05,22.42,,,,,
East Kentstad,3/24/2018 2:53,31.53,,,,,
East Kentstad,1/26/2018 4:48,39.19,,,,,
East Kentstad,5/7/2018 13:29,38.74,,,,,
East Kentstad,4/19/2018 14:47,44.82,,,,,
East Kentstad,3/18/2018 11:45,33.83,,,,,
East Kentstad,4/12/2018 15:21,17.26,,,,,
East Kentstad,3/4/2018 21:52,20.83,,,,,
East Kentstad,4/10/2018 20:44,21.38,,,,,
East Kentstad,1/10/2018 11:15,24.65,,,,,
East Marymouth,3/29/2018 8:36,37.6,,,,,
East Marymouth,1/16/2018 15:44,46.2,,,,,
East Marymouth,4/27/2018 5:31,36.11,,,,,
East Marymouth,3/21/2018 11:01,17.43,,,,,
East Marymouth,4/3/2018 12:18,26.93,,,,,
East Marymouth,5/1/2018 20:10,13.17,,,,,
East Marymouth,3/8/2018 4:55,43.79,,,,,
East Marymouth,3/12/2018 10:46,38.26,,,,,
East Marymouth,1/27/2018 12:18,43.06,,,,,
East Marymouth,4/12/2018 6:51,33.18,,,,,
East Marymouth,4/2/2018 1:04,20,,,,,
East Marymouth,2/21/2018 19:36,41.21,,,,,
East Marymouth,3/6/2018 14:00,35.95,,,,,
East Marymouth,5/4/2018 23:18,39.07,,,,,
East Marymouth,5/6/2018 22:39,34.12,,,,,
East Marymouth,1/11/2018 2:12,12.21,,,,,
East Marymouth,2/4/2018 19:03,31.44,,,,,
East Marymouth,4/4/2018 10:59,23.38,,,,,
East Marymouth,1/23/2018 6:04,24.91,,,,,
East Marymouth,1/19/2018 19:28,29.94,,,,,
East Marymouth,4/23/2018 14:20,33.66,,,,,
East Marymouth,4/9/2018 1:04,29.03,,,,,
East Marymouth,2/24/2018 18:02,27.38,,,,,
East Marymouth,3/22/2018 21:54,14.13,,,,,
East Marymouth,3/5/2018 19:06,25.44,,,,,
East Marymouth,3/13/2018 8:07,27.54,,,,,
East Marymouth,2/12/2018 23:18,47.41,,,,,
Erikaland,2/18/2018 7:47,20.62,,,,,
Erikaland,3/11/2018 2:19,27.39,,,,,
Erikaland,3/27/2018 13:11,36.52,,,,,
Erikaland,4/13/2018 12:26,25.22,,,,,
Erikaland,2/21/2018 20:28,12.44,,,,,
Erikaland,5/7/2018 11:23,22.72,,,,,
Erikaland,3/24/2018 9:50,4.07,,,,,
Erikaland,2/5/2018 4:51,14.13,,,,,
Erikaland,3/17/2018 16:51,39.58,,,,,
Erikaland,4/25/2018 11:18,34.05,,,,,
Erikaland,3/27/2018 8:27,26.25,,,,,
Erikaland,2/11/2018 3:01,35.89,,,,,
Garzaport,2/18/2018 18:27,36.16,,,,,
Garzaport,4/17/2018 1:48,17.31,,,,,
Garzaport,5/6/2018 16:57,18.9,,,,,
Grahamburgh,1/15/2018 11:44,40.69,,,,,
Grahamburgh,4/6/2018 13:48,23.87,,,,,
Grahamburgh,2/17/2018 9:54,30.25,,,,,
Grahamburgh,3/12/2018 2:44,22.97,,,,,
Grahamburgh,1/9/2018 7:00,13.55,,,,,
Grahamburgh,3/5/2018 5:39,4.33,,,,,
Grahamburgh,2/21/2018 6:55,22.65,,,,,
Grahamburgh,2/25/2018 12:18,14.51,,,,,
Grahamburgh,1/18/2018 7:41,23.35,,,,,
Grahamburgh,3/24/2018 13:39,32.17,,,,,
Grahamburgh,4/20/2018 21:40,40.06,,,,,
Grahamburgh,3/4/2018 22:51,34.93,,,,,
Grahamburgh,3/27/2018 22:14,4.63,,,,,
Grahamburgh,4/29/2018 21:20,13.59,,,,,
Grahamburgh,1/28/2018 15:40,44.91,,,,,
Grahamburgh,4/3/2018 13:27,5.09,,,,,
Grahamburgh,3/16/2018 10:03,30.66,,,,,
Grahamburgh,2/8/2018 13:28,10.63,,,,,
Grahamburgh,3/19/2018 14:30,33.14,,,,,
Grahamburgh,2/23/2018 14:58,41.98,,,,,
Grahamburgh,2/2/2018 3:52,22.53,,,,,
Grahamburgh,3/11/2018 8:09,34.53,,,,,
Grahamburgh,2/16/2018 12:22,30.23,,,,,
Grahamburgh,4/10/2018 1:16,37.67,,,,,
Grahamburgh,1/3/2018 15:37,17.61,,,,,
Grayville,4/6/2018 3:38,18.11,,,,,
Grayville,4/28/2018 11:40,43.22,,,,,
Grayville,2/19/2018 19:52,19.52,,,,,
Grayville,3/14/2018 23:10,25.12,,,,,
Grayville,2/13/2018 6:07,48.59,,,,,
Grayville,4/14/2018 21:00,49.85,,,,,
Grayville,1/3/2018 13:04,12.6,,,,,
Grayville,2/18/2018 10:30,12.55,,,,,
Grayville,2/26/2018 12:59,12.64,,,,,
Grayville,3/5/2018 12:31,14.15,,,,,
Grayville,3/20/2018 5:36,35.34,,,,,
Grayville,1/7/2018 20:09,34.62,,,,,
Grayville,1/25/2018 10:17,39.35,,,,,
Grayville,1/20/2018 19:11,24.53,,,,,
Grayville,5/1/2018 14:27,26.26,,,,,
Harringtonfort,1/6/2018 7:38,47.33,,,,,
Harringtonfort,2/17/2018 4:42,30.58,,,,,
Harringtonfort,4/16/2018 16:30,17.39,,,,,
Harringtonfort,3/10/2018 10:11,19.02,,,,,
Harringtonfort,2/26/2018 7:03,54.66,,,,,
Harringtonfort,1/9/2018 15:30,31.84,,,,,
Huntermouth,2/10/2018 23:32,25.79,,,,,
Huntermouth,2/24/2018 7:57,39.12,,,,,
Huntermouth,2/19/2018 3:19,7.05,,,,,
Huntermouth,4/9/2018 20:23,35.11,,,,,
Huntermouth,5/4/2018 15:20,36.77,,,,,
Huntermouth,3/21/2018 8:44,32.42,,,,,
Huntermouth,3/14/2018 10:37,30.49,,,,,
Huntermouth,1/17/2018 12:10,41.48,,,,,
Huntermouth,2/3/2018 12:19,31.43,,,,,
Huntermouth,3/21/2018 13:31,27.96,,,,,
Huntermouth,2/5/2018 8:10,28.58,,,,,
Huntermouth,3/19/2018 17:31,15.05,,,,,
Huntermouth,4/28/2018 17:26,31.43,,,,,
Huntermouth,3/2/2018 10:47,10.89,,,,,
Huntermouth,1/10/2018 9:40,43.01,,,,,
Huntermouth,1/9/2018 22:56,15.31,,,,,
Huntermouth,3/20/2018 0:45,40.55,,,,,
Huntermouth,1/6/2018 20:23,28.74,,,,,
Huntermouth,5/7/2018 8:47,25.83,,,,,
Huntermouth,4/3/2018 7:02,29.88,,,,,
Huntermouth,4/20/2018 9:38,23.65,,,,,
Huntermouth,1/24/2018 17:07,42.36,,,,,
Huntermouth,3/27/2018 11:50,22.64,,,,,
Huntermouth,3/17/2018 15:43,30.31,,,,,
Hurleymouth,5/4/2018 21:50,21.44,,,,,
Hurleymouth,3/22/2018 11:19,32.85,,,,,
Hurleymouth,3/3/2018 11:28,36.31,,,,,
Hurleymouth,3/26/2018 20:22,41.15,,,,,
Hurleymouth,2/20/2018 10:47,17.07,,,,,
Hurleymouth,1/12/2018 1:19,10.64,,,,,
Hurleymouth,3/17/2018 6:50,29.95,,,,,
Hurleymouth,4/1/2018 6:26,9.94,,,,,
Hurleymouth,2/1/2018 3:23,22.39,,,,,
Hurleymouth,1/18/2018 10:59,4.66,,,,,
Hurleymouth,2/7/2018 6:07,36.7,,,,,
Hurleymouth,2/23/2018 13:48,18.15,,,,,
Hurleymouth,2/28/2018 3:20,44.85,,,,,
Hurleymouth,4/13/2018 18:15,40.93,,,,,
Hurleymouth,3/7/2018 12:38,41.96,,,,,
Hurleymouth,3/2/2018 11:43,34.65,,,,,
Hurleymouth,2/13/2018 17:32,25.72,,,,,
Hurleymouth,3/24/2018 12:04,8.77,,,,,
Hurleymouth,1/31/2018 2:49,19.23,,,,,
Hurleymouth,4/22/2018 2:31,9.14,,,,,
Hurleymouth,2/15/2018 2:10,42.61,,,,,
Hurleymouth,1/11/2018 12:59,37.44,,,,,
Hurleymouth,4/9/2018 9:17,20.31,,,,,
Hurleymouth,1/7/2018 15:53,20.01,,,,,
Hurleymouth,1/17/2018 17:07,24.86,,,,,
Hurleymouth,2/23/2018 1:34,31.97,,,,,
Hurleymouth,2/24/2018 15:39,8.33,,,,,
Hurleymouth,2/6/2018 0:10,32.93,,,,,
Jerryton,3/3/2018 17:50,28.08,,,,,
Jerryton,1/4/2018 16:38,37.2,,,,,
Jerryton,1/5/2018 15:36,37.91,,,,,
Jerryton,4/13/2018 21:47,32.08,,,,,
Jerryton,3/27/2018 12:48,13.29,,,,,
Jerryton,1/27/2018 14:46,29.08,,,,,
Jerryton,4/29/2018 2:49,41.27,,,,,
Jerryton,1/7/2018 12:05,7.86,,,,,
Jerryton,5/1/2018 17:20,4.97,,,,,
Jerryton,1/27/2018 5:35,5.21,,,,,
Jerryton,1/16/2018 17:13,22.26,,,,,
Jerryton,2/14/2018 19:48,24.49,,,,,
Jerryton,2/28/2018 1:14,36.87,,,,,
Jerryton,1/6/2018 12:30,27.71,,,,,
Jerryton,2/1/2018 16:39,37.7,,,,,
Jerryton,3/20/2018 1:28,15.37,,,,,
Jerryton,4/18/2018 6:08,42.8,,,,,
Jerryton,3/4/2018 14:14,22.91,,,,,
Jerryton,2/20/2018 18:45,28.24,,,,,
Jerryton,3/7/2018 5:24,15.82,,,,,
Jerryton,3/25/2018 12:14,9.64,,,,,
Jerryton,2/19/2018 13:59,21.27,,,,,
Jerryton,3/23/2018 8:27,37.89,,,,,
Jerryton,4/20/2018 18:57,29.84,,,,,
Jerryton,3/24/2018 12:17,31.47,,,,,
Jessicaport,1/1/2018 9:45,43.69,,,,,
Jessicaport,1/14/2018 7:09,18.05,,,,,
Jessicaport,4/13/2018 16:08,39.89,,,,,
Jessicaport,3/18/2018 16:59,33.72,,,,,
Jessicaport,5/1/2018 8:14,22.44,,,,,
Jessicaport,1/31/2018 17:57,58.29,,,,,
Johnton,1/17/2018 2:12,32.19,,,,,
Johnton,1/8/2018 17:33,43.75,,,,,
Johnton,3/27/2018 0:10,18.89,,,,,
Johnton,4/5/2018 7:12,22.87,,,,,
Johnton,3/15/2018 8:40,43.5,,,,,
Johnton,5/2/2018 2:19,32.38,,,,,
Johnton,2/28/2018 5:42,12.02,,,,,
Johnton,1/22/2018 13:10,24.17,,,,,
Johnton,2/26/2018 9:36,18.76,,,,,
Johnton,1/21/2018 3:20,28.59,,,,,
Johnton,2/14/2018 18:21,43.93,,,,,
Johnton,2/7/2018 19:40,30.97,,,,,
Johnton,4/11/2018 13:41,33.12,,,,,
Johnton,4/26/2018 17:02,4.63,,,,,
Johnton,1/25/2018 13:17,28.14,,,,,
Johnton,3/4/2018 10:30,36.76,,,,,
Johnton,4/11/2018 14:40,16.63,,,,,
Johnton,4/29/2018 7:50,17.89,,,,,
Johnton,3/15/2018 21:16,30.27,,,,,
Johnton,1/14/2018 10:53,19.68,,,,,
Johnton,1/31/2018 11:17,23.36,,,,,
Joneschester,3/1/2018 18:48,34.71,,,,,
Joneschester,1/30/2018 17:41,36.78,,,,,
Joneschester,2/7/2018 18:36,6.34,,,,,
Joneschester,1/3/2018 5:45,25.47,,,,,
Joneschester,1/3/2018 1:03,17.97,,,,,
Joneschester,2/27/2018 8:19,33.34,,,,,
Joneschester,4/2/2018 4:52,10.52,,,,,
Joneschester,3/17/2018 22:39,15.35,,,,,
Joneschester,4/24/2018 13:07,9.78,,,,,
Joneschester,2/16/2018 2:35,9.48,,,,,
Joneschester,3/9/2018 3:25,39.32,,,,,
Joneschester,1/15/2018 21:21,13.43,,,,,
Joneschester,3/12/2018 21:52,21.17,,,,,
Joneschester,4/22/2018 16:48,9.7,,,,,
Joneschester,3/10/2018 13:31,22.72,,,,,
Joneschester,3/10/2018 8:15,27.91,,,,,
Joneschester,1/26/2018 19:19,13.77,,,,,
Joneschester,3/13/2018 6:10,27.79,,,,,
Joneschester,3/28/2018 7:41,7.56,,,,,
Joneschester,5/5/2018 2:00,21.74,,,,,
Joneschester,3/4/2018 18:00,41.65,,,,,
Joneschester,2/17/2018 10:04,10.52,,,,,
Joneschester,3/19/2018 1:52,42.74,,,,,
Joneschester,4/13/2018 18:44,27.36,,,,,
Joneschester,4/20/2018 9:40,30.12,,,,,
Josephside,3/30/2018 9:45,44.74,,,,,
Josephside,2/7/2018 6:56,31.94,,,,,
Josephside,3/12/2018 19:25,29.47,,,,,
Josephside,1/18/2018 6:31,33.07,,,,,
Josephside,3/3/2018 19:43,17.39,,,,,
Josephside,4/17/2018 5:45,32.72,,,,,
Josephside,1/17/2018 18:16,35.68,,,,,
Josephside,2/22/2018 14:39,16.97,,,,,
Josephside,3/19/2018 17:33,37.42,,,,,
Josephside,2/7/2018 20:52,15.98,,,,,
Josephside,4/2/2018 12:23,49.33,,,,,
Josephside,2/17/2018 23:01,38.24,,,,,
Josephside,1/18/2018 10:21,14.75,,,,,
Josephside,4/1/2018 3:46,23.73,,,,,
Josephside,3/7/2018 2:22,39.17,,,,,
Josephside,5/2/2018 15:30,21.33,,,,,
Josephside,2/24/2018 3:58,40.92,,,,,
Josephside,4/26/2018 2:02,27.2,,,,,
Josephside,2/3/2018 14:48,43.39,,,,,
Josephside,4/10/2018 10:56,32.26,,,,,
Josephside,2/10/2018 7:56,35.39,,,,,
Josephside,2/28/2018 11:07,41.18,,,,,
Josephside,2/25/2018 10:17,35.8,,,,,
Josephside,4/12/2018 14:30,37.37,,,,,
Josephside,1/2/2018 7:26,33.57,,,,,
Josephside,3/18/2018 22:55,35.58,,,,,
Josephside,4/24/2018 10:29,42.58,,,,,
Justinberg,4/23/2018 8:59,14.65,,,,,
Justinberg,4/26/2018 8:41,8.83,,,,,
Justinberg,4/12/2018 5:27,17.03,,,,,
Justinberg,5/3/2018 2:49,36.06,,,,,
Justinberg,3/14/2018 10:46,36.32,,,,,
Justinberg,3/23/2018 6:28,30.58,,,,,
Justinberg,4/20/2018 7:37,29.07,,,,,
Justinberg,3/10/2018 9:19,37.89,,,,,
Justinberg,1/3/2018 22:50,5.81,,,,,
Justinberg,3/10/2018 5:15,22.43,,,,,
Justinberg,4/14/2018 14:48,24.34,,,,,
Justinberg,1/22/2018 9:08,38.3,,,,,
Justinberg,4/16/2018 1:26,16.58,,,,,
Justinberg,4/16/2018 5:05,27.1,,,,,
Justinberg,2/19/2018 4:01,36.27,,,,,
Justinberg,2/1/2018 21:16,31.07,,,,,
Justinberg,4/27/2018 12:41,18.99,,,,,
Justinberg,4/24/2018 11:33,28.76,,,,,
Justinberg,5/7/2018 20:22,18.74,,,,,
Justinberg,4/1/2018 23:46,40.87,,,,,
Justinberg,4/26/2018 8:12,7.68,,,,,
Justinberg,2/20/2018 15:05,31.31,,,,,
Justinberg,1/24/2018 10:16,8.83,,,,,
Justinberg,4/4/2018 23:19,19.38,,,,,
Justinberg,2/13/2018 23:56,10.18,,,,,
Justinberg,4/14/2018 23:08,7.75,,,,,
Justinberg,2/28/2018 21:39,14.4,,,,,
Justinberg,1/27/2018 7:35,28.41,,,,,
Justinberg,1/24/2018 19:32,38.79,,,,,
Justinberg,3/12/2018 16:33,24.41,,,,,
Karenberg,3/11/2018 17:26,36.15,,,,,
Karenberg,4/29/2018 20:54,28.41,,,,,
Karenberg,3/30/2018 11:38,24.64,,,,,
Karenberg,3/5/2018 1:38,44.1,,,,,
Karenberg,4/27/2018 14:57,44.73,,,,,
Karenberg,4/7/2018 16:28,16.11,,,,,
Karenberg,4/23/2018 21:11,26.92,,,,,
Karenberg,2/14/2018 14:40,11.06,,,,,
Karenberg,3/9/2018 14:47,35.68,,,,,
Karenberg,1/16/2018 13:52,41.26,,,,,
Karenberg,2/18/2018 19:28,44.08,,,,,
Karenberg,1/8/2018 13:51,9.5,,,,,
Karenberg,1/30/2018 10:51,8.79,,,,,
Karenberg,4/30/2018 21:38,5.7,,,,,
Karenberg,4/13/2018 5:14,23.73,,,,,
Karenberg,4/24/2018 12:57,34.67,,,,,
Karenberg,2/19/2018 16:11,12.25,,,,,
Karenside,1/25/2018 15:35,14.52,,,,,
Karenside,4/2/2018 19:22,41.93,,,,,
Karenside,4/19/2018 10:17,36.01,,,,,
Karenside,4/14/2018 5:11,13.13,,,,,
Karenside,1/22/2018 13:11,24.72,,,,,
Karenside,3/18/2018 12:48,36.96,,,,,
Karenside,3/9/2018 3:50,40.86,,,,,
Karenside,1/27/2018 8:52,7.65,,,,,
Karenside,1/8/2018 8:49,22.64,,,,,
Karenside,3/11/2018 16:18,44.29,,,,,
Karenside,4/16/2018 23:13,39.32,,,,,
Karenside,3/14/2018 17:07,16.31,,,,,
Karenside,4/28/2018 2:38,39.41,,,,,
Karenside,5/3/2018 15:31,32.68,,,,,
Karenside,2/12/2018 20:45,25.58,,,,,
Karenside,4/4/2018 14:32,42.27,,,,,
Karenside,1/24/2018 7:48,9.39,,,,,
Karenside,2/24/2018 5:39,27.64,,,,,
Karenside,1/23/2018 23:30,37.62,,,,,
Karenside,4/19/2018 8:42,26.45,,,,,
Karenside,3/15/2018 15:11,31.89,,,,,
Karenside,1/25/2018 3:33,19.6,,,,,
Karenside,3/4/2018 20:36,25.21,,,,,
Karenside,1/12/2018 1:28,37.73,,,,,
Karenside,1/17/2018 12:18,11.6,,,,,
Karenside,3/21/2018 23:26,26.69,,,,,
Karenside,3/3/2018 18:15,19.19,,,,,
Karenside,2/19/2018 20:56,17.41,,,,,
Lake Ann,2/14/2018 17:13,42.13,,,,,
Lake Ann,4/30/2018 11:42,14.56,,,,,
Lake Ann,3/6/2018 8:49,13.61,,,,,
Lake Ann,5/7/2018 20:40,24.89,,,,,
Lake Ann,1/15/2018 19:40,28.15,,,,,
Lake Ann,1/24/2018 6:29,32.31,,,,,
Lake Ann,2/16/2018 7:08,39.8,,,,,
Lake Ann,3/30/2018 17:23,23.87,,,,,
Lake Ann,1/10/2018 4:20,18.22,,,,,
Lake Ann,2/8/2018 10:30,40.27,,,,,
Lake Ann,3/13/2018 5:28,45.43,,,,,
Lake Ann,5/2/2018 6:15,47.44,,,,,
Lake Danielberg,2/24/2018 12:05,9.63,,,,,
Lake Danielberg,2/13/2018 11:01,43.96,,,,,
Lake Danielberg,3/17/2018 19:23,10.18,,,,,
Lake Danielberg,2/24/2018 19:34,34.82,,,,,
Lake Danielberg,2/28/2018 15:08,44.96,,,,,
Lake Danielberg,1/7/2018 9:41,17.39,,,,,
Lake Danielberg,2/8/2018 5:58,10.31,,,,,
Lake Danielberg,3/28/2018 9:56,28.53,,,,,
Lake Danielberg,4/28/2018 4:00,39.82,,,,,
Lake Danielberg,1/16/2018 11:59,20.07,,,,,
Lake Danielberg,3/20/2018 5:37,33.9,,,,,
Lake Danielberg,3/21/2018 19:46,14.12,,,,,
Lake Danielberg,1/28/2018 15:49,25.98,,,,,
Lake Danielberg,2/8/2018 5:26,22.74,,,,,
Lake Danielberg,2/9/2018 19:09,10.62,,,,,
Lake Danielberg,1/21/2018 12:52,14.09,,,,,
Lake Danielberg,5/3/2018 15:35,19.97,,,,,
Lake Danielberg,1/14/2018 22:04,24.14,,,,,
Lake Danielberg,1/5/2018 17:44,28.79,,,,,
Lake Danielberg,2/4/2018 17:32,24.49,,,,,
Lake Danielberg,2/23/2018 13:51,9.25,,,,,
Lake Danielberg,2/6/2018 4:11,29.96,,,,,
Lake Danielberg,3/5/2018 23:23,44.77,,,,,
Lake Danielberg,2/6/2018 19:59,30.31,,,,,
Lake Danielberg,2/17/2018 5:30,11.7,,,,,
Lake Danielberg,4/12/2018 5:18,41.45,,,,,
Lake Jamie,3/13/2018 6:41,26.09,,,,,
Lake Jamie,4/30/2018 21:26,37.33,,,,,
Lake Jamie,1/18/2018 7:36,43.57,,,,,
Lake Jamie,2/25/2018 23:46,28.65,,,,,
Lake Jamie,4/19/2018 4:32,16.29,,,,,
Lake Jamie,4/29/2018 1:58,54.22,,,,,
Lake Jonathanshire,1/14/2018 10:14,13.83,,,,,
Lake Jonathanshire,4/7/2018 20:51,31.25,,,,,
Lake Jonathanshire,3/9/2018 23:45,19.89,,,,,
Lake Jonathanshire,4/7/2018 18:09,24.28,,,,,
Lake Jonathanshire,1/2/2018 14:14,13.89,,,,,
Lake Jonathanshire,4/6/2018 11:30,16.84,,,,,
Lake Jonathanshire,3/21/2018 0:18,37.95,,,,,
Lake Jonathanshire,1/28/2018 0:07,5.67,,,,,
Lake Jonathanshire,1/24/2018 12:24,34.65,,,,,
Lake Jonathanshire,3/24/2018 16:27,14.94,,,,,
Lake Jonathanshire,4/11/2018 22:10,12.81,,,,,
Lake Jonathanshire,1/23/2018 21:43,21.11,,,,,
Lake Jonathanshire,1/29/2018 0:19,41.05,,,,,
Lake Jonathanshire,3/22/2018 14:33,18.72,,,,,
Lake Jonathanshire,4/16/2018 20:26,32.47,,,,,
Lake Jonathanshire,4/11/2018 19:49,25.92,,,,,
Lake Jonathanshire,4/9/2018 21:41,15.96,,,,,
Lake Jonathanshire,1/16/2018 9:27,26.27,,,,,
Lake Jonathanshire,1/21/2018 12:12,37.25,,,,,
Lake Jonathanshire,4/11/2018 21:32,22.48,,,,,
Lake Jonathanshire,2/16/2018 1:49,17.58,,,,,
Lake Jonathanshire,1/17/2018 13:15,28.42,,,,,
Lake Jonathanshire,1/21/2018 9:48,22.36,,,,,
Lake Jonathanshire,2/23/2018 6:10,26.63,,,,,
Lake Latoyabury,2/23/2018 21:12,47.9,,,,,
Lake Latoyabury,5/6/2018 8:57,51.8,,,,,
Lake Latoyabury,4/2/2018 21:00,13.46,,,,,
Lake Latoyabury,1/22/2018 12:42,13.5,,,,,
Lake Latoyabury,4/22/2018 16:56,38.46,,,,,
Lake Latoyabury,4/16/2018 21:12,24.1,,,,,
Lake Latoyabury,3/29/2018 9:11,13.84,,,,,
Lake Latoyabury,1/24/2018 13:32,34.74,,,,,
Lake Latoyabury,4/14/2018 7:06,11.94,,,,,
Lake Latoyabury,2/25/2018 4:10,16.18,,,,,
Lake Latoyabury,1/30/2018 0:05,20.76,,,,,
Lake Omar,1/17/2018 21:33,21.71,,,,,
Lake Omar,3/26/2018 5:52,48.26,,,,,
Lake Omar,4/6/2018 20:29,40.55,,,,,
Lake Omar,2/26/2018 11:53,12.49,,,,,
Lake Omar,1/17/2018 18:29,28.54,,,,,
Lake Omar,3/3/2018 13:17,33.97,,,,,
Lake Omar,3/29/2018 20:14,14.77,,,,,
Lake Omar,1/17/2018 4:55,35.94,,,,,
Lake Omar,4/13/2018 23:28,25.61,,,,,
Lake Omar,1/3/2018 1:16,14.61,,,,,
Lake Omar,4/15/2018 16:39,45.64,,,,,
Lake Omar,5/5/2018 23:39,12.45,,,,,
Lake Omar,4/13/2018 7:09,24.9,,,,,
Lake Omar,2/20/2018 21:56,33.61,,,,,
Lake Robertside,1/11/2018 20:17,46.51,,,,,
Lake Robertside,3/5/2018 11:48,29.12,,,,,
Lake Robertside,4/30/2018 20:45,22.26,,,,,
Lake Robertside,3/18/2018 8:04,44.21,,,,,
Lake Robertside,1/13/2018 18:22,28.37,,,,,
Lake Robertside,4/10/2018 3:39,34.14,,,,,
Lake Robertside,1/23/2018 0:24,46.83,,,,,
Lake Robertside,2/5/2018 3:17,21.45,,,,,
Lake Robertside,4/1/2018 3:17,28.07,,,,,
Lake Robertside,3/27/2018 8:12,29.07,,,,,
Lake Robertside,1/14/2018 19:24,21.46,,,,,
Lake Robertside,4/2/2018 8:53,21.31,,,,,
Lake Robertside,3/12/2018 6:05,31.23,,,,,
Lake Robertside,3/14/2018 19:44,35.79,,,,,
Lake Robertside,2/24/2018 6:25,41.57,,,,,
Lake Robertside,3/30/2018 0:54,16.53,,,,,
Lake Robertside,1/23/2018 0:46,14.29,,,,,
Lake Robertside,2/10/2018 15:11,20.98,,,,,
Lake Robertside,1/25/2018 21:44,48.81,,,,,
Lake Robertside,1/13/2018 4:32,44.66,,,,,
Lake Robertside,4/27/2018 6:20,28.29,,,,,
Lake Robertside,4/7/2018 6:35,46.5,,,,,
Lake Robertside,2/16/2018 7:14,47.31,,,,,
Lake Robertside,2/12/2018 9:45,20.03,,,,,
Lake Robertside,4/3/2018 3:27,12.76,,,,,
Lake Scott,1/10/2018 11:08,37.96,,,,,
Lake Scott,4/29/2018 22:08,25.75,,,,,
Lake Scott,3/26/2018 8:40,26.24,,,,,
Lake Scott,5/7/2018 12:33,21.72,,,,,
Lake Scott,1/3/2018 17:02,47.97,,,,,
Lake Scott,1/30/2018 2:27,48.78,,,,,
Lake Scott,2/18/2018 1:12,38.47,,,,,
Lake Scott,1/24/2018 19:21,47.83,,,,,
Lake Scott,3/16/2018 23:48,28.99,,,,,
Lake Scott,5/5/2018 5:58,18.48,,,,,
Lake Scott,5/2/2018 19:14,35.54,,,,,
Lake Scott,1/24/2018 8:27,23.8,,,,,
Lake Scott,2/18/2018 11:38,47.37,,,,,
Lake Scott,3/16/2018 18:07,20.1,,,,,
Lake Scott,2/2/2018 5:37,26.45,,,,,
Lake Scott,2/2/2018 14:18,17.55,,,,,
Lake Scott,2/22/2018 6:26,37.51,,,,,
Lake Scott,1/11/2018 0:04,23.44,,,,,
Lake Scottton,2/18/2018 9:22,25.02,,,,,
Lake Scottton,5/5/2018 11:21,18.77,,,,,
Lake Scottton,3/26/2018 0:49,9.79,,,,,
Lake Scottton,4/24/2018 11:54,5.31,,,,,
Lake Scottton,2/7/2018 5:08,10.76,,,,,
Lake Scottton,2/15/2018 6:49,22.75,,,,,
Lake Scottton,5/3/2018 22:33,9.01,,,,,
Lake Scottton,3/25/2018 21:46,36.92,,,,,
Lake Scottton,1/18/2018 2:32,31.92,,,,,
Lake Scottton,2/5/2018 11:47,24.54,,,,,
Lake Scottton,1/28/2018 2:32,23.95,,,,,
Lake Scottton,5/3/2018 15:26,25.68,,,,,
Lake Scottton,1/11/2018 19:18,31.31,,,,,
Lake Scottton,4/11/2018 4:26,22.03,,,,,
Lake Scottton,1/21/2018 4:20,21.81,,,,,
Lake Scottton,4/19/2018 21:32,37.67,,,,,
Lake Scottton,4/8/2018 11:19,44.03,,,,,
Lake Scottton,5/8/2018 13:10,18.04,,,,,
Lake Scottton,2/8/2018 17:29,34.95,,,,,
Lake Scottton,3/29/2018 13:33,35.36,,,,,
Lake Scottton,1/13/2018 13:34,24.81,,,,,
Lake Scottton,2/27/2018 7:09,9.43,,,,,
Lake Scottton,4/2/2018 21:10,43.2,,,,,
Lake Scottton,4/18/2018 23:06,4.36,,,,,
Leahton,2/26/2018 18:42,8.85,,,,,
Leahton,5/5/2018 10:34,17.05,,,,,
Leahton,4/2/2018 17:39,22.76,,,,,
Leahton,2/21/2018 20:37,24.13,,,,,
Leahton,2/13/2018 11:40,16.79,,,,,
Leahton,1/27/2018 8:09,29.36,,,,,
Leahton,2/28/2018 13:10,9.08,,,,,
Leahton,1/13/2018 0:03,9.37,,,,,
Leahton,1/8/2018 11:48,39.81,,,,,
Leahton,2/15/2018 17:00,25.84,,,,,
Leahton,3/6/2018 17:06,41.29,,,,,
Leahton,3/31/2018 2:08,4.65,,,,,
Leahton,2/23/2018 1:19,7.08,,,,,
Leahton,2/4/2018 8:07,15.37,,,,,
Leahton,2/5/2018 18:06,8.38,,,,,
Leahton,4/13/2018 10:54,18.25,,,,,
Leahton,1/15/2018 2:30,21.95,,,,,
Leahton,2/28/2018 20:02,31.01,,,,,
Leahton,3/6/2018 20:26,14.87,,,,,
Leahton,3/3/2018 1:24,43.44,,,,,
Leahton,3/13/2018 9:17,36.79,,,,,
Lewishaven,4/19/2018 1:08,21.92,,,,,
Lewishaven,4/20/2018 3:54,21.23,,,,,
Lewishaven,4/27/2018 2:28,14.01,,,,,
Lewishaven,1/15/2018 15:04,22.44,,,,,
Lewishaven,3/2/2018 7:48,33.22,,,,,
Lewishaven,1/2/2018 17:52,20.68,,,,,
Lewishaven,1/18/2018 4:09,32.13,,,,,
Lewishaven,2/22/2018 14:40,20.35,,,,,
Lewishaven,1/20/2018 12:47,35,,,,,
Lewishaven,4/27/2018 7:18,18.56,,,,,
Lewishaven,4/12/2018 15:01,49.15,,,,,
Lewishaven,3/29/2018 7:24,14.21,,,,,
Lewisland,2/14/2018 17:38,42.31,,,,,
Lewisland,1/30/2018 15:08,32.4,,,,,
Lewisland,1/25/2018 20:46,32.38,,,,,
Lewisland,4/8/2018 19:51,35.16,,,,,
Lewisland,1/28/2018 11:38,35.6,,,,,
Lewisland,1/7/2018 17:32,17.57,,,,,
Lewisland,1/25/2018 11:35,44.61,,,,,
Lewisland,3/10/2018 2:11,40.27,,,,,
Lewisland,2/27/2018 18:56,36.26,,,,,
Lewisland,2/21/2018 23:06,23.3,,,,,
Lewisland,3/28/2018 1:32,43.77,,,,,
Lewisland,2/6/2018 20:33,33.22,,,,,
Lewisland,3/1/2018 4:34,43.77,,,,,
Lewisland,2/18/2018 12:17,23.87,,,,,
Lewisland,2/11/2018 9:00,30.56,,,,,
Lewisland,1/30/2018 14:09,46.7,,,,,
Lewisland,1/23/2018 18:17,26.69,,,,,
Liumouth,1/11/2018 17:15,36.78,,,,,
Liumouth,1/15/2018 7:55,14.55,,,,,
Liumouth,4/12/2018 3:38,43.34,,,,,
Liumouth,2/1/2018 20:17,24.81,,,,,
Liumouth,3/30/2018 3:13,4.66,,,,,
Liumouth,4/14/2018 6:43,31.63,,,,,
Liumouth,3/22/2018 4:06,33.1,,,,,
Liumouth,3/17/2018 19:21,19.05,,,,,
Liumouth,4/28/2018 0:26,5.42,,,,,
Liumouth,2/22/2018 3:55,6.39,,,,,
Liumouth,3/6/2018 7:44,23.53,,,,,
Liumouth,1/17/2018 16:17,33.29,,,,,
Liumouth,2/27/2018 18:08,43.31,,,,,
Liumouth,1/5/2018 19:32,27.02,,,,,
Liumouth,4/11/2018 13:52,15.55,,,,,
Liumouth,1/1/2018 0:08,37.91,,,,,
Liumouth,1/4/2018 3:16,9.1,,,,,
Liumouth,4/14/2018 21:17,38.95,,,,,
Liumouth,3/16/2018 6:31,34.2,,,,,
Liumouth,3/27/2018 12:12,44.27,,,,,
Liumouth,1/16/2018 21:55,6.02,,,,,
Liumouth,3/22/2018 20:35,39.96,,,,,
Liumouth,4/14/2018 14:58,25.28,,,,,
Liumouth,4/29/2018 6:57,23.99,,,,,
Liumouth,1/18/2018 15:26,20.68,,,,,
Liumouth,3/3/2018 5:13,26.6,,,,,
Liumouth,1/4/2018 21:06,34.77,,,,,
Liumouth,4/29/2018 19:55,32.1,,,,,
Liumouth,3/6/2018 4:42,37.4,,,,,
Liumouth,1/30/2018 8:51,22.9,,,,,
Liumouth,4/12/2018 2:27,10.53,,,,,
Liumouth,4/2/2018 16:53,25.56,,,,,
Liumouth,2/28/2018 15:20,30.3,,,,,
Loganberg,4/1/2018 1:06,8.23,,,,,
Loganberg,1/7/2018 19:02,16.26,,,,,
Loganberg,1/21/2018 16:26,22.86,,,,,
Loganberg,3/16/2018 11:46,23.99,,,,,
Loganberg,3/27/2018 13:32,4.72,,,,,
Loganberg,1/25/2018 1:59,26.03,,,,,
Loganberg,1/20/2018 1:34,38.66,,,,,
Loganberg,1/11/2018 4:27,44.34,,,,,
Loganberg,4/10/2018 4:59,35.97,,,,,
Loganberg,1/13/2018 23:53,41.86,,,,,
Loganberg,2/17/2018 7:58,44.47,,,,,
Loganberg,1/31/2018 23:29,13.69,,,,,
Loganberg,4/4/2018 8:04,25.93,,,,,
Loganberg,1/5/2018 14:35,5.92,,,,,
Loganberg,4/18/2018 17:41,22.51,,,,,
Loganberg,1/12/2018 5:07,36.82,,,,,
Loganberg,5/5/2018 17:29,30.47,,,,,
Loganberg,2/2/2018 23:09,7.12,,,,,
Loganberg,4/3/2018 9:30,5.16,,,,,
Loganberg,2/21/2018 13:09,7.49,,,,,
Loganberg,2/18/2018 11:58,23.98,,,,,
Loganberg,4/23/2018 9:19,32.4,,,,,
Loganberg,4/18/2018 11:16,16.36,,,,,
Loganberg,1/3/2018 6:49,34.42,,,,,
Loganberg,2/20/2018 9:42,41.16,,,,,
Loganberg,3/30/2018 21:22,40.8,,,,,
Loganberg,1/31/2018 15:03,20.36,,,,,
Loganberg,2/21/2018 18:53,36.21,,,,,
Martinezhaven,3/19/2018 15:31,5.3,,,,,
Martinezhaven,2/20/2018 19:32,13.34,,,,,
Martinezhaven,4/18/2018 1:40,34.7,,,,,
Martinezhaven,4/18/2018 18:37,5.81,,,,,
Martinezhaven,2/7/2018 21:45,4.31,,,,,
Martinezhaven,4/14/2018 16:26,32.57,,,,,
Martinezhaven,3/7/2018 12:26,23.55,,,,,
Martinezhaven,3/12/2018 10:02,21.18,,,,,
Martinezhaven,2/16/2018 17:25,15.33,,,,,
Martinezhaven,1/21/2018 1:50,42.75,,,,,
Martinezhaven,3/11/2018 20:07,7.01,,,,,
Martinezhaven,2/3/2018 6:15,11.61,,,,,
Martinezhaven,3/21/2018 7:56,39.26,,,,,
Martinezhaven,2/15/2018 2:18,15.93,,,,,
Martinezhaven,4/15/2018 9:17,35.45,,,,,
Martinezhaven,2/23/2018 0:15,15.48,,,,,
Martinezhaven,1/10/2018 3:37,23.62,,,,,
Martinezhaven,2/17/2018 21:48,34.27,,,,,
Martinezhaven,2/14/2018 2:51,27.16,,,,,
Martinezhaven,5/7/2018 5:55,6.89,,,,,
Martinezhaven,4/12/2018 6:49,11.55,,,,,
Martinezhaven,4/13/2018 19:46,40.2,,,,,
Martinezhaven,2/6/2018 10:58,40.29,,,,,
Martinezhaven,4/30/2018 0:42,36.07,,,,,
Mezachester,3/25/2018 12:57,21.89,,,,,
Mezachester,1/22/2018 0:59,40.67,,,,,
Mezachester,3/18/2018 2:32,40.81,,,,,
Mezachester,4/26/2018 3:30,30.75,,,,,
Mezachester,1/6/2018 2:08,39.83,,,,,
Mezachester,4/29/2018 16:20,28.43,,,,,
Mezachester,4/1/2018 0:02,24.4,,,,,
Mezachester,2/16/2018 17:34,29.25,,,,,
Mezachester,1/13/2018 15:21,23.83,,,,,
Mezachester,1/2/2018 16:22,47.07,,,,,
Mezachester,2/13/2018 9:16,38.55,,,,,
Mezachester,4/19/2018 9:25,17.51,,,,,
Mezachester,2/17/2018 13:16,34.17,,,,,
Mezachester,4/14/2018 2:15,15.17,,,,,
Mezachester,5/7/2018 15:34,44.87,,,,,
Mezachester,1/15/2018 4:53,16.6,,,,,
Mezachester,4/19/2018 19:05,29.12,,,,,
Michaelberg,3/27/2018 18:27,54.85,,,,,
Michaelberg,1/18/2018 0:46,15.12,,,,,
Michaelberg,3/27/2018 21:48,38.62,,,,,
Michaelberg,1/11/2018 4:39,16.42,,,,,
Michaelberg,4/22/2018 17:28,19.27,,,,,
Michaelberg,5/2/2018 11:57,52.71,,,,,
Michaelberg,1/19/2018 12:38,38.68,,,,,
Michaelberg,3/10/2018 10:05,56.48,,,,,
Michaelberg,3/22/2018 22:20,38.3,,,,,
Michaelberg,3/13/2018 14:40,37.72,,,,,
Michaelberg,1/27/2018 18:43,38.42,,,,,
Michaelberg,4/29/2018 17:04,13.38,,,,,
Myersshire,2/27/2018 17:38,17.1,,,,,
Myersshire,4/29/2018 6:08,17.99,,,,,
Myersshire,1/10/2018 6:32,45.81,,,,,
Myersshire,1/6/2018 11:43,22.8,,,,,
Myersshire,3/26/2018 11:33,28.71,,,,,
Myersshire,1/25/2018 5:27,35.65,,,,,
Myersshire,1/2/2018 16:59,33.62,,,,,
Myersshire,1/26/2018 11:16,49.22,,,,,
Myersshire,3/15/2018 8:22,15.71,,,,,
Myersshire,3/25/2018 8:26,18.16,,,,,
Myersshire,4/15/2018 0:07,32.13,,,,,
Myersshire,4/20/2018 4:56,37.15,,,,,
Myersshire,4/30/2018 10:54,41.25,,,,,
Myersshire,2/15/2018 13:31,40.6,,,,,
Myersshire,4/24/2018 8:51,26.84,,,,,
Myersshire,4/17/2018 23:24,20.51,,,,,
New Jacobville,2/9/2018 2:17,7.11,,,,,
New Jacobville,1/5/2018 5:02,34.11,,,,,
New Jacobville,1/15/2018 15:27,27.24,,,,,
New Jacobville,2/4/2018 4:57,27.63,,,,,
New Jacobville,2/18/2018 21:09,39.97,,,,,
New Jacobville,2/9/2018 2:25,37.51,,,,,
New Jacobville,3/10/2018 1:02,10.63,,,,,
New Jacobville,4/10/2018 4:16,42.92,,,,,
New Jacobville,4/27/2018 14:11,37.6,,,,,
New Jacobville,4/21/2018 23:00,13.53,,,,,
New Jacobville,4/9/2018 8:47,4.95,,,,,
New Jacobville,4/13/2018 1:18,43.98,,,,,
New Jacobville,2/7/2018 11:07,26.09,,,,,
New Jacobville,3/12/2018 14:47,28.12,,,,,
New Jacobville,3/3/2018 5:28,41.39,,,,,
New Jacobville,2/21/2018 8:59,40.05,,,,,
New Jacobville,4/30/2018 11:44,5.6,,,,,
New Jacobville,4/20/2018 5:31,13.35,,,,,
New Kimberlyborough,2/7/2018 1:10,9.34,,,,,
New Kimberlyborough,4/25/2018 22:58,29.67,,,,,
New Kimberlyborough,3/14/2018 16:47,27.9,,,,,
New Kimberlyborough,3/16/2018 1:38,17.19,,,,,
New Kimberlyborough,5/1/2018 13:56,22.59,,,,,
New Kimberlyborough,3/29/2018 20:35,42.51,,,,,
New Kimberlyborough,2/9/2018 5:48,39.55,,,,,
New Kimberlyborough,1/30/2018 21:46,29.09,,,,,
New Kimberlyborough,1/5/2018 9:33,39.47,,,,,
New Kimberlyborough,3/10/2018 13:55,10.83,,,,,
New Kimberlyborough,1/8/2018 18:59,13.34,,,,,
New Kimberlyborough,3/19/2018 7:17,15.78,,,,,
New Kimberlyborough,4/3/2018 16:27,14.73,,,,,
New Kimberlyborough,4/11/2018 10:38,12.01,,,,,
New Kimberlyborough,3/19/2018 15:25,27.37,,,,,
New Kimberlyborough,1/7/2018 5:12,15.22,,,,,
New Kimberlyborough,3/28/2018 12:48,10.91,,,,,
New Kimberlyborough,3/2/2018 18:56,6.08,,,,,
New Kimberlyborough,4/29/2018 7:38,9.08,,,,,
New Kimberlyborough,2/9/2018 13:28,6.43,,,,,
New Kimberlyborough,4/24/2018 18:35,28.87,,,,,
New Kimberlyborough,1/27/2018 14:49,23.09,,,,,
New Kimberlyborough,4/1/2018 12:09,10.76,,,,,
New Kimberlyborough,4/28/2018 12:48,33.35,,,,,
New Kimberlyborough,4/1/2018 4:31,35.11,,,,,
New Kimberlyborough,3/13/2018 9:48,14.84,,,,,
New Kimberlyborough,4/3/2018 20:23,33.74,,,,,
New Kimberlyborough,2/5/2018 11:23,18.02,,,,,
New Kimberlyborough,4/24/2018 2:21,37.73,,,,,
New Kimberlyborough,4/3/2018 3:36,43.07,,,,,
New Olivia,3/29/2018 2:52,44.12,,,,,
New Olivia,2/5/2018 19:25,47.15,,,,,
New Olivia,4/17/2018 19:11,30.81,,,,,
New Olivia,3/27/2018 1:37,34.65,,,,,
New Olivia,3/5/2018 22:01,19.21,,,,,
New Olivia,1/27/2018 12:15,46.97,,,,,
New Olivia,1/25/2018 12:12,39.12,,,,,
New Olivia,4/10/2018 6:25,30.41,,,,,
New Olivia,1/3/2018 9:58,38.31,,,,,
New Olivia,2/6/2018 20:39,13.03,,,,,
New Olivia,3/19/2018 0:04,33.43,,,,,
New Olivia,2/3/2018 8:51,42.89,,,,,
New Olivia,3/22/2018 5:00,24.8,,,,,
New Olivia,4/10/2018 23:05,48.31,,,,,
New Olivia,5/7/2018 2:49,15.41,,,,,
New Olivia,2/5/2018 22:03,35.76,,,,,
New Olivia,3/27/2018 9:35,34.54,,,,,
New Paulton,5/1/2018 3:12,8.28,,,,,
New Paulton,5/3/2018 12:09,21.67,,,,,
New Paulton,3/10/2018 1:07,28,,,,,
New Paulton,2/20/2018 16:59,24.29,,,,,
New Paulton,2/8/2018 17:11,39.65,,,,,
New Paulton,2/2/2018 16:37,17.19,,,,,
New Paulton,3/28/2018 3:35,14.94,,,,,
New Paulton,4/17/2018 20:05,44.43,,,,,
New Paulton,1/21/2018 17:04,18.3,,,,,
New Paulton,1/13/2018 18:33,29.9,,,,,
New Paulton,4/24/2018 14:27,32.22,,,,,
New Paulton,3/15/2018 4:48,4.6,,,,,
New Paulton,3/29/2018 19:12,43.79,,,,,
New Paulton,3/19/2018 23:42,40.2,,,,,
New Paulton,4/27/2018 23:26,19.06,,,,,
New Paulton,2/17/2018 8:20,37.44,,,,,
New Paulton,4/6/2018 16:21,38.8,,,,,
New Paulton,2/21/2018 2:37,27.56,,,,,
New Paulton,3/12/2018 13:53,38.26,,,,,
New Paulville,2/27/2018 11:17,43.25,,,,,
New Paulville,3/18/2018 22:54,25.05,,,,,
New Paulville,3/10/2018 10:45,4.43,,,,,
New Paulville,4/3/2018 7:51,32.7,,,,,
New Paulville,3/27/2018 2:18,7.29,,,,,
New Paulville,1/31/2018 5:32,20.8,,,,,
New Paulville,1/30/2018 15:21,7.02,,,,,
New Paulville,1/25/2018 15:19,15.04,,,,,
New Paulville,2/18/2018 23:43,38.97,,,,,
New Paulville,5/1/2018 13:29,10.3,,,,,
New Paulville,4/13/2018 10:23,8.69,,,,,
New Paulville,3/14/2018 21:25,20.26,,,,,
New Paulville,2/15/2018 23:58,28.18,,,,,
New Paulville,5/2/2018 18:20,12.08,,,,,
New Paulville,4/29/2018 23:05,14.59,,,,,
New Paulville,1/2/2018 20:52,33.08,,,,,
New Paulville,3/5/2018 15:43,23.75,,,,,
New Paulville,4/24/2018 2:25,13.32,,,,,
New Paulville,3/8/2018 15:08,18.35,,,,,
New Paulville,1/5/2018 8:35,21.57,,,,,
New Paulville,1/5/2018 17:16,44.68,,,,,
New Paulville,1/21/2018 20:51,33.47,,,,,
New Raymond,2/25/2018 21:40,20.44,,,,,
New Raymond,3/21/2018 1:45,22.12,,,,,
New Raymond,3/18/2018 12:07,36.26,,,,,
New Raymond,5/3/2018 12:23,48.56,,,,,
New Raymond,1/5/2018 17:58,22.5,,,,,
New Raymond,1/2/2018 15:38,45.32,,,,,
New Raymond,5/1/2018 5:16,14.2,,,,,
New Raymond,1/15/2018 12:51,47.01,,,,,
New Raymond,3/8/2018 17:43,34.45,,,,,
New Raymond,2/28/2018 7:10,17.09,,,,,
New Raymond,5/3/2018 8:35,13.36,,,,,
New Raymond,3/17/2018 4:31,18.09,,,,,
New Raymond,3/6/2018 17:11,15.53,,,,,
New Raymond,1/7/2018 10:02,28.74,,,,,
New Raymond,3/7/2018 17:57,26.55,,,,,
New Raymond,4/8/2018 14:44,46.37,,,,,
New Raymond,1/10/2018 12:41,49.19,,,,,
New Raymond,1/31/2018 19:56,12.87,,,,,
New Raymond,3/19/2018 17:37,28.19,,,,,
New Raymond,2/1/2018 4:56,35.6,,,,,
New Raymond,3/28/2018 14:25,14.75,,,,,
New Raymond,2/11/2018 17:28,17.97,,,,,
New Ryantown,1/27/2018 17:33,42.68,,,,,
New Ryantown,4/18/2018 19:43,42.97,,,,,
New Ryantown,2/4/2018 23:54,45.7,,,,,
New Ryantown,4/30/2018 1:50,50.81,,,,,
New Ryantown,4/5/2018 21:38,50.98,,,,,
New Ryantown,5/5/2018 19:29,26.53,,,,,
New Shannonberg,3/19/2018 8:13,25.46,,,,,
New Shannonberg,4/20/2018 2:52,30.82,,,,,
New Shannonberg,2/1/2018 4:31,34.09,,,,,
New Shannonberg,1/15/2018 12:26,35.34,,,,,
New Shannonberg,5/5/2018 5:25,16.77,,,,,
New Shannonberg,2/9/2018 4:01,37.52,,,,,
New Shannonberg,2/26/2018 12:23,16.39,,,,,
New Shannonberg,5/3/2018 21:53,34.08,,,,,
New Shannonberg,5/7/2018 7:08,20.52,,,,,
New Shannonberg,4/20/2018 3:18,41.85,,,,,
New Shannonberg,2/18/2018 11:25,21.66,,,,,
New Shannonberg,4/20/2018 10:09,46.8,,,,,
New Shannonberg,5/2/2018 11:40,13.08,,,,,
New Shannonberg,2/12/2018 20:27,15.31,,,,,
New Shannonberg,4/17/2018 20:06,39.47,,,,,
New Shannonberg,2/26/2018 18:56,24.28,,,,,
New Shannonberg,5/2/2018 21:53,28.99,,,,,
Newtonview,1/8/2018 6:19,19.39,,,,,
Newtonview,2/5/2018 22:53,45.02,,,,,
Newtonview,4/1/2018 13:39,26.73,,,,,
Newtonview,4/25/2018 10:20,55.84,,,,,
Nicolechester,2/9/2018 12:26,40.83,,,,,
Nicolechester,4/10/2018 4:41,38.08,,,,,
Nicolechester,3/8/2018 19:51,16.35,,,,,
Nicolechester,5/2/2018 19:37,36.59,,,,,
Nicolechester,3/4/2018 3:06,27.67,,,,,
Nicolechester,4/5/2018 1:38,19.57,,,,,
Nicolechester,5/2/2018 19:48,23.06,,,,,
Nicolechester,1/7/2018 10:41,27.44,,,,,
Nicolechester,3/14/2018 1:22,47.93,,,,,
Nicolechester,1/12/2018 22:48,30.79,,,,,
Nicolechester,2/4/2018 9:41,49.21,,,,,
Nicolechester,1/8/2018 19:26,26.16,,,,,
Nicolechester,2/10/2018 16:40,37.22,,,,,
Nicolechester,3/8/2018 15:28,31.71,,,,,
Nicolechester,3/8/2018 16:35,26.12,,,,,
Nicolechester,4/28/2018 17:38,34.87,,,,,
Nicolechester,1/22/2018 14:48,32.03,,,,,
Nicolechester,3/28/2018 4:12,26.22,,,,,
Nicolechester,5/5/2018 8:45,15.43,,,,,
North Barbara,5/4/2018 2:33,24.09,,,,,
North Barbara,2/4/2018 8:12,42.59,,,,,
North Barbara,3/23/2018 20:59,23.76,,,,,
North Barbara,4/17/2018 2:49,39.18,,,,,
North Barbara,2/11/2018 18:51,43.26,,,,,
North Barbara,4/6/2018 9:03,26.64,,,,,
North Barbara,3/24/2018 6:49,4.05,,,,,
North Barbara,5/5/2018 9:46,26.54,,,,,
North Barbara,4/27/2018 0:19,16.89,,,,,
North Barbara,3/16/2018 10:22,25.06,,,,,
North Barbara,4/10/2018 17:12,10.94,,,,,
North Barbara,4/1/2018 0:20,31.72,,,,,
North Barbara,2/14/2018 11:29,4.11,,,,,
North Barbara,1/17/2018 18:14,18.27,,,,,
North Barbara,4/30/2018 5:22,28.89,,,,,
North Barbara,3/8/2018 9:24,29.15,,,,,
North Barbara,3/27/2018 9:44,33.4,,,,,
North Barbara,5/5/2018 15:15,38.15,,,,,
North Barbara,3/17/2018 17:07,6.12,,,,,
North Barbara,4/9/2018 17:12,6.68,,,,,
North Barbara,2/3/2018 23:57,11.54,,,,,
North Barbara,1/8/2018 5:21,25.84,,,,,
North Holly,2/2/2018 14:54,12.42,,,,,
North Holly,2/16/2018 17:02,39.46,,,,,
North Holly,1/4/2018 3:31,24.88,,,,,
North Holly,4/21/2018 21:14,18.54,,,,,
North Holly,3/28/2018 0:12,35.45,,,,,
North Holly,1/23/2018 6:52,40.24,,,,,
North Holly,1/3/2018 19:51,19.9,,,,,
North Holly,4/18/2018 19:26,30.94,,,,,
North Holly,3/18/2018 10:38,40.34,,,,,
North Jaime,3/6/2018 9:09,44.17,,,,,
North Jaime,3/12/2018 13:05,23.21,,,,,
North Jaime,4/4/2018 13:13,51.83,,,,,
North Jaime,2/1/2018 8:59,17.05,,,,,
North Jaime,5/6/2018 0:58,41.18,,,,,
North Jaime,4/4/2018 1:58,43.86,,,,,
North Jaime,4/27/2018 17:58,14.01,,,,,
North Jaime,2/10/2018 21:03,11.11,,,,,
North Jasmine,3/9/2018 6:26,42.81,,,,,
North Jasmine,2/8/2018 19:03,4.86,,,,,
North Jasmine,1/22/2018 17:25,31.68,,,,,
North Jasmine,2/22/2018 1:56,25.33,,,,,
North Jasmine,4/10/2018 11:45,38.24,,,,,
North Jasmine,3/11/2018 21:03,37.93,,,,,
North Jasmine,5/2/2018 10:24,29.86,,,,,
North Jasmine,4/26/2018 12:08,35.33,,,,,
North Jasmine,2/5/2018 22:28,19.21,,,,,
North Jasmine,2/18/2018 3:09,31.49,,,,,
North Jasmine,3/4/2018 16:59,42.58,,,,,
North Jasmine,2/17/2018 0:27,35.11,,,,,
North Jasmine,4/24/2018 8:49,28.24,,,,,
North Jasmine,4/24/2018 8:05,14.11,,,,,
North Jasmine,4/11/2018 3:38,27.54,,,,,
North Jasmine,4/1/2018 4:31,28.04,,,,,
North Jasmine,2/1/2018 20:17,8.09,,,,,
North Jasmine,2/10/2018 20:19,31.38,,,,,
North Jasmine,2/27/2018 1:34,35.31,,,,,
North Jasmine,4/21/2018 15:15,5.31,,,,,
North Jasmine,4/3/2018 13:15,19.66,,,,,
North Jasmine,1/5/2018 16:39,26.72,,,,,
North Jasmine,4/17/2018 7:34,22.41,,,,,
North Jasmine,1/21/2018 21:00,33.06,,,,,
North Jasmine,2/6/2018 19:23,9.12,,,,,
North Jasmine,3/21/2018 18:31,39.02,,,,,
North Jasmine,4/22/2018 15:53,6.49,,,,,
North Jasmine,5/8/2018 7:29,18.55,,,,,
North Jasmine,4/17/2018 10:37,11.76,,,,,
North Jasmine,1/13/2018 16:18,16.92,,,,,
North Jason,3/28/2018 22:28,9.19,,,,,
North Jason,3/3/2018 2:13,28.02,,,,,
North Jason,3/8/2018 20:06,25.21,,,,,
North Jason,2/7/2018 7:27,20,,,,,
North Jason,3/18/2018 10:10,6.41,,,,,
North Jason,2/26/2018 11:57,13.88,,,,,
North Jason,3/21/2018 9:45,10.42,,,,,
North Jason,1/23/2018 22:51,21.95,,,,,
North Jason,4/18/2018 12:19,22.42,,,,,
North Jason,4/16/2018 15:23,24.07,,,,,
North Jason,3/24/2018 7:40,32.72,,,,,
North Jason,2/19/2018 4:45,15.87,,,,,
North Jason,4/5/2018 2:05,31.89,,,,,
North Jason,1/14/2018 20:53,26.58,,,,,
North Jason,1/5/2018 10:59,16.22,,,,,
North Jason,2/22/2018 7:07,18.67,,,,,
North Jason,1/23/2018 21:22,6.54,,,,,
North Jason,1/23/2018 5:58,32.77,,,,,
North Jason,3/12/2018 21:01,5.76,,,,,
North Jason,2/15/2018 14:32,17.35,,,,,
North Jason,4/5/2018 20:10,32.18,,,,,
North Jason,4/12/2018 6:19,33.12,,,,,
North Jason,4/1/2018 14:43,40.45,,,,,
North Jason,3/28/2018 18:03,42.75,,,,,
North Jason,1/12/2018 19:19,9.97,,,,,
North Jason,2/10/2018 6:34,25.36,,,,,
North Jason,5/7/2018 20:05,24.2,,,,,
North Jason,3/30/2018 6:31,12.04,,,,,
North Jason,3/27/2018 19:19,30.66,,,,,
North Jason,1/8/2018 23:32,10.74,,,,,
North Jason,1/11/2018 5:08,19.64,,,,,
North Jason,1/24/2018 1:46,40.15,,,,,
North Jason,4/15/2018 17:35,42.29,,,,,
North Jason,3/4/2018 10:14,38.49,,,,,
North Jason,4/14/2018 19:46,8.05,,,,,
North Jeffrey,2/4/2018 22:35,29.87,,,,,
North Jeffrey,2/28/2018 8:46,31.14,,,,,
North Jeffrey,3/7/2018 2:57,29.34,,,,,
North Jeffrey,2/28/2018 5:55,46.4,,,,,
North Jeffrey,1/23/2018 23:42,27.11,,,,,
North Jeffrey,4/9/2018 20:40,21.2,,,,,
North Jeffrey,1/14/2018 8:29,25.02,,,,,
North Jeffrey,2/18/2018 20:41,35.03,,,,,
North Jeffrey,1/10/2018 19:17,33.85,,,,,
North Jeffrey,2/16/2018 19:18,26.66,,,,,
North Jeffrey,3/19/2018 6:00,31.16,,,,,
North Jeffrey,2/21/2018 12:56,22.96,,,,,
North Jeffrey,4/27/2018 10:17,20.41,,,,,
North Madeline,4/5/2018 18:23,29.69,,,,,
North Madeline,2/25/2018 4:32,13.58,,,,,
North Madeline,4/7/2018 8:54,32.99,,,,,
North Madeline,3/4/2018 17:20,21.38,,,,,
North Madeline,4/12/2018 13:57,7.77,,,,,
North Madeline,4/30/2018 16:02,37.48,,,,,
North Madeline,1/29/2018 16:12,17.57,,,,,
North Madeline,1/12/2018 9:42,20.82,,,,,
North Madeline,1/14/2018 3:43,31.88,,,,,
North Madeline,1/26/2018 2:37,5.59,,,,,
North Madeline,5/2/2018 23:25,11.94,,,,,
North Madeline,4/7/2018 6:50,11.92,,,,,
North Madeline,3/31/2018 3:35,21.24,,,,,
North Madeline,1/28/2018 9:57,42.24,,,,,
North Madeline,3/6/2018 19:26,26.34,,,,,
North Madeline,3/4/2018 22:29,6.19,,,,,
North Madeline,4/15/2018 10:02,37.6,,,,,
North Madeline,4/8/2018 20:26,25.79,,,,,
North Madeline,2/16/2018 15:06,37.75,,,,,
North Madeline,4/4/2018 6:42,25.38,,,,,
North Madeline,5/3/2018 0:07,16.44,,,,,
North Madeline,2/4/2018 18:56,9.84,,,,,
North Madeline,3/1/2018 4:34,20.8,,,,,
North Madeline,2/27/2018 11:42,36.87,,,,,
North Madeline,1/30/2018 18:20,16.5,,,,,
North Markport,2/18/2018 8:17,38.09,,,,,
North Markport,4/26/2018 4:45,44.37,,,,,
North Markport,3/31/2018 13:58,29.41,,,,,
North Markport,1/21/2018 11:49,27.68,,,,,
North Markport,4/13/2018 7:37,20.09,,,,,
North Markport,4/28/2018 4:34,40.46,,,,,
North Markport,4/10/2018 22:15,38.02,,,,,
North Markport,2/8/2018 22:01,34.69,,,,,
North Markport,2/22/2018 15:00,16.46,,,,,
North Markport,4/9/2018 14:55,20.23,,,,,
North Markport,4/29/2018 11:39,19.8,,,,,
North Markport,4/6/2018 2:16,18.15,,,,,
North Markport,5/4/2018 15:30,28.93,,,,,
North Markport,1/17/2018 11:37,8.68,,,,,
North Richardhaven,2/18/2018 10:21,41.54,,,,,
North Richardhaven,4/7/2018 0:32,36.32,,,,,
North Richardhaven,1/22/2018 14:55,18.45,,,,,
North Richardhaven,3/3/2018 6:14,18.17,,,,,
North Richardhaven,1/1/2018 14:52,31.15,,,,,
North Richardhaven,1/28/2018 23:31,21.85,,,,,
North Richardhaven,3/14/2018 0:49,13.09,,,,,
North Richardhaven,4/4/2018 21:05,23.79,,,,,
North Richardhaven,1/20/2018 5:13,20.89,,,,,
North Richardhaven,1/19/2018 3:13,41.94,,,,,
North Richardhaven,2/7/2018 0:21,12.58,,,,,
North Richardhaven,2/7/2018 13:18,27.02,,,,,
North Richardhaven,1/16/2018 13:38,21.06,,,,,
North Richardhaven,3/19/2018 5:25,18.01,,,,,
North Timothy,4/6/2018 10:06,38.39,,,,,
North Timothy,4/29/2018 23:10,29.39,,,,,
North Timothy,4/20/2018 7:06,46.24,,,,,
North Timothy,1/22/2018 2:35,48.45,,,,,
North Timothy,1/14/2018 16:59,15.06,,,,,
North Timothy,1/17/2018 20:12,40.87,,,,,
North Timothy,2/25/2018 0:01,22.27,,,,,
North Timothy,5/7/2018 14:00,26.3,,,,,
North Timothy,4/14/2018 18:06,41.17,,,,,
North Timothy,2/16/2018 17:53,14.94,,,,,
North Timothy,2/24/2018 13:40,12.86,,,,,
North Timothy,4/18/2018 0:06,26.98,,,,,
North Timothy,2/19/2018 14:30,22.97,,,,,
North Timothy,4/24/2018 12:24,37.71,,,,,
North Timothy,3/17/2018 8:33,45.33,,,,,
Pattyland,1/30/2018 12:35,8.57,,,,,
Pattyland,2/1/2018 22:43,32.03,,,,,
Pattyland,2/15/2018 15:13,44.03,,,,,
Pattyland,4/26/2018 8:31,19.99,,,,,
Pattyland,4/3/2018 3:29,14.06,,,,,
Pattyland,2/21/2018 17:53,7.06,,,,,
Pattyland,2/10/2018 2:55,24.39,,,,,
Pattyland,4/18/2018 23:27,28.66,,,,,
Pattyland,4/23/2018 2:57,13.01,,,,,
Pattyland,1/1/2018 17:22,42.11,,,,,
Pattyland,2/5/2018 0:47,28.81,,,,,
Pattyland,2/11/2018 20:25,33.21,,,,,
Pattyland,1/14/2018 20:49,40.21,,,,,
Pattyland,3/27/2018 6:49,8.57,,,,,
Pattyland,4/25/2018 14:57,44.39,,,,,
Pattyland,5/2/2018 20:17,4.23,,,,,
Pattyland,3/19/2018 20:41,18.17,,,,,
Pattyland,4/19/2018 12:57,4.55,,,,,
Pattyland,1/9/2018 8:20,41.04,,,,,
Pattyland,4/12/2018 11:58,28.65,,,,,
Pattyland,1/12/2018 20:07,17.85,,,,,
Penaborough,2/24/2018 0:44,21.89,,,,,
Penaborough,4/27/2018 6:02,38.33,,,,,
Penaborough,1/14/2018 15:58,54.1,,,,,
Penaborough,2/3/2018 17:15,51.8,,,,,
Penaborough,1/22/2018 15:36,10.11,,,,,
Port Angela,4/17/2018 6:23,16.34,,,,,
Port Angela,3/31/2018 15:22,30.77,,,,,
Port Angela,4/9/2018 14:34,11.9,,,,,
Port Angela,2/8/2018 16:30,30.38,,,,,
Port Angela,3/4/2018 3:26,40.35,,,,,
Port Angela,5/2/2018 4:14,35.76,,,,,
Port Angela,4/22/2018 16:43,7.91,,,,,
Port Angela,3/19/2018 12:32,17.21,,,,,
Port Angela,4/15/2018 23:02,20.16,,,,,
Port Angela,3/8/2018 16:32,23.06,,,,,
Port Angela,2/26/2018 10:01,28.52,,,,,
Port Angela,2/8/2018 0:14,15.58,,,,,
Port Angela,2/6/2018 7:07,24.47,,,,,
Port Angela,2/6/2018 16:11,11.39,,,,,
Port Angela,2/14/2018 13:00,42.04,,,,,
Port Angela,3/10/2018 19:24,43.18,,,,,
Port Angela,4/2/2018 22:13,25.84,,,,,
Port Angela,2/3/2018 6:01,6.42,,,,,
Port Angela,5/4/2018 9:50,21.62,,,,,
Port David,3/17/2018 14:42,33.11,,,,,
Port David,3/7/2018 18:37,42.04,,,,,
Port David,3/27/2018 11:56,15.64,,,,,
Port David,1/2/2018 11:51,7.45,,,,,
Port David,1/7/2018 20:03,20.49,,,,,
Port David,3/24/2018 21:58,28.84,,,,,
Port David,2/24/2018 22:20,35.63,,,,,
Port David,4/10/2018 14:27,26.68,,,,,
Port David,2/18/2018 14:47,20.16,,,,,
Port David,4/2/2018 16:53,41.14,,,,,
Port David,2/11/2018 23:07,10.05,,,,,
Port David,3/4/2018 0:41,23.7,,,,,
Port David,3/27/2018 0:20,18.43,,,,,
Port David,2/11/2018 11:59,38,,,,,
Port David,3/24/2018 16:37,25.65,,,,,
Port David,2/3/2018 1:11,21.2,,,,,
Port David,4/7/2018 23:44,39.51,,,,,
Port David,3/14/2018 9:28,9.22,,,,,
Port David,1/21/2018 2:29,32.92,,,,,
Port David,4/12/2018 5:32,35.51,,,,,
Port David,3/3/2018 11:38,13.41,,,,,
Port David,4/22/2018 23:30,30.03,,,,,
Port Frank,2/2/2018 14:14,41.47,,,,,
Port Frank,4/19/2018 19:35,26.47,,,,,
Port Frank,4/6/2018 21:38,18.08,,,,,
Port Frank,1/8/2018 23:51,42.13,,,,,
Port Frank,2/5/2018 10:34,20.1,,,,,
Port Frank,2/18/2018 18:49,39.06,,,,,
Port Frank,3/16/2018 20:54,30.24,,,,,
Port Frank,3/26/2018 19:09,28.83,,,,,
Port Frank,2/10/2018 8:14,40.82,,,,,
Port Frank,4/2/2018 15:48,13.55,,,,,
Port Frank,4/25/2018 23:04,19.43,,,,,
Port Frank,1/27/2018 13:40,38.97,,,,,
Port Frank,2/17/2018 13:21,32.44,,,,,
Port Frank,1/14/2018 9:19,43.27,,,,,
Port Frank,4/6/2018 20:51,21.02,,,,,
Port Frank,3/5/2018 0:42,36.35,,,,,
Port Frank,3/9/2018 16:59,6.5,,,,,
Port Frank,4/4/2018 11:46,39.39,,,,,
Port Frank,4/5/2018 7:22,14.21,,,,,
Port Frank,4/5/2018 15:44,36.08,,,,,
Port Frank,4/18/2018 0:39,33.73,,,,,
Port Frank,2/28/2018 7:39,33.83,,,,,
Port Frank,1/19/2018 13:08,4.86,,,,,
Port Frank,2/26/2018 5:03,25.18,,,,,
Port Frank,1/5/2018 18:22,35.35,,,,,
Port Frank,5/3/2018 20:22,21.11,,,,,
Port Frank,3/19/2018 15:21,22.63,,,,,
Port Frank,1/16/2018 22:42,11.97,,,,,
Port Frank,2/21/2018 18:44,19.81,,,,,
Port Frank,1/18/2018 11:45,19.98,,,,,
Port Frank,1/15/2018 7:42,30.93,,,,,
Port Frank,2/6/2018 3:34,34.86,,,,,
Port Frank,4/28/2018 9:03,15,,,,,
Port Johnbury,4/27/2018 16:22,25.67,,,,,
Port Johnbury,5/5/2018 6:26,25.3,,,,,
Port Johnbury,3/21/2018 2:20,32.8,,,,,
Port Johnbury,4/11/2018 10:26,9.1,,,,,
Port Johnbury,5/2/2018 12:46,42.42,,,,,
Port Johnbury,4/28/2018 16:29,36.42,,,,,
Port Johnbury,3/27/2018 8:26,38.99,,,,,
Port Johnbury,3/30/2018 17:59,15.17,,,,,
Port Johnbury,2/8/2018 10:29,7.63,,,,,
Port Johnbury,2/27/2018 2:44,11.33,,,,,
Port Johnbury,1/7/2018 5:43,19.08,,,,,
Port Johnbury,3/29/2018 3:22,14.54,,,,,
Port Johnbury,3/25/2018 2:17,41.61,,,,,
Port Johnbury,2/20/2018 4:27,27.1,,,,,
Port Johnbury,3/30/2018 20:43,19.48,,,,,
Port Johnbury,4/12/2018 3:43,8.42,,,,,
Port Johnbury,1/21/2018 5:10,32.68,,,,,
Port Johnbury,1/15/2018 18:45,40.32,,,,,
Port Johnbury,2/5/2018 16:04,7.44,,,,,
Port Johnbury,4/25/2018 0:15,10.26,,,,,
Port Johnbury,1/4/2018 2:56,32.75,,,,,
Port Johnbury,3/26/2018 7:22,7.63,,,,,
Port Samanthamouth,2/24/2018 4:29,33.44,,,,,
Port Samanthamouth,4/16/2018 18:34,9.2,,,,,
Port Samanthamouth,1/23/2018 9:08,35.51,,,,,
Port Samanthamouth,2/3/2018 7:07,18.03,,,,,
Port Samanthamouth,4/22/2018 3:32,29.67,,,,,
Port Samanthamouth,4/25/2018 9:50,25.5,,,,,
Port Samanthamouth,3/1/2018 8:58,43.25,,,,,
Port Samanthamouth,4/27/2018 8:48,12.84,,,,,
Port Samanthamouth,3/27/2018 0:31,16.05,,,,,
Port Samanthamouth,3/27/2018 1:08,21.46,,,,,
Port Samanthamouth,3/15/2018 15:08,25.97,,,,,
Port Samanthamouth,1/30/2018 1:19,38.78,,,,,
Port Samanthamouth,4/6/2018 13:42,24.18,,,,,
Port Samanthamouth,3/25/2018 13:20,34.94,,,,,
Port Samanthamouth,1/27/2018 0:57,28.46,,,,,
Port Samanthamouth,2/28/2018 20:01,38.42,,,,,
Port Samanthamouth,4/18/2018 14:39,23.56,,,,,
Port Samanthamouth,1/28/2018 23:59,15.49,,,,,
Port Samanthamouth,1/19/2018 19:54,38.58,,,,,
Port Samanthamouth,3/20/2018 5:48,36.7,,,,,
Port Samanthamouth,3/15/2018 9:03,5.62,,,,,
Port Samanthamouth,4/25/2018 3:29,9.44,,,,,
Port Samanthamouth,1/1/2018 21:04,11.71,,,,,
Port Samanthamouth,4/9/2018 20:55,24.99,,,,,
Port Samanthamouth,2/2/2018 1:57,39.28,,,,,
Port Shane,4/9/2018 15:34,27.66,,,,,
Port Shane,4/23/2018 16:05,42.26,,,,,
Port Shane,3/2/2018 12:06,14.95,,,,,
Port Shane,3/26/2018 4:33,19.03,,,,,
Port Shane,3/15/2018 12:09,31.58,,,,,
Port Shane,3/17/2018 5:25,20.74,,,,,
Port Shane,4/24/2018 10:06,45.92,,,,,
Port Shane,1/28/2018 15:34,45.7,,,,,
Port Shane,4/6/2018 11:22,43.21,,,,,
Port Shane,1/15/2018 18:16,33.95,,,,,
Port Shane,2/16/2018 17:52,22.81,,,,,
Port Shane,3/23/2018 9:36,18.58,,,,,
Port Shane,2/16/2018 3:35,29.99,,,,,
Port Shane,3/27/2018 11:55,28.8,,,,,
Port Shane,4/18/2018 0:52,12.05,,,,,
Port Shane,3/17/2018 0:39,47.75,,,,,
Port Shane,3/19/2018 12:25,40.39,,,,,
Port Shane,1/30/2018 20:43,49.52,,,,,
Port Shane,4/3/2018 22:33,15.59,,,,,
Randallchester,4/13/2018 11:13,43.22,,,,,
Randallchester,2/19/2018 3:52,58.55,,,,,
Randallchester,2/11/2018 5:42,25.78,,,,,
Randallchester,3/25/2018 13:36,10.37,,,,,
Randallchester,4/7/2018 23:42,10.79,,,,,
Raymondhaven,3/12/2018 6:59,16.98,,,,,
Raymondhaven,5/6/2018 23:22,25.76,,,,,
Raymondhaven,2/8/2018 23:57,5.7,,,,,
Raymondhaven,2/1/2018 5:51,13.86,,,,,
Raymondhaven,2/23/2018 11:13,4.24,,,,,
Raymondhaven,2/22/2018 23:54,7.64,,,,,
Raymondhaven,3/7/2018 20:59,17.66,,,,,
Raymondhaven,2/17/2018 2:06,39.7,,,,,
Raymondhaven,1/6/2018 20:15,21.19,,,,,
Raymondhaven,2/16/2018 4:31,24.31,,,,,
Raymondhaven,3/31/2018 17:01,36.29,,,,,
Raymondhaven,1/27/2018 15:52,41.76,,,,,
Raymondhaven,3/2/2018 4:56,5.19,,,,,
Raymondhaven,1/25/2018 6:48,14.65,,,,,
Raymondhaven,2/28/2018 16:10,11.26,,,,,
Raymondhaven,1/13/2018 1:03,17.33,,,,,
Raymondhaven,4/15/2018 12:15,6.74,,,,,
Raymondhaven,4/6/2018 13:52,30.36,,,,,
Raymondhaven,5/8/2018 4:39,18.45,,,,,
Raymondhaven,4/30/2018 19:54,29.84,,,,,
Raymondhaven,4/4/2018 6:46,41.45,,,,,
Raymondhaven,2/28/2018 5:23,21.78,,,,,
Raymondhaven,3/31/2018 14:58,7.67,,,,,
Raymondhaven,2/7/2018 16:19,38.67,,,,,
Raymondhaven,3/20/2018 2:20,38.53,,,,,
Reynoldsfurt,3/25/2018 14:33,34.06,,,,,
Reynoldsfurt,5/5/2018 17:38,14.95,,,,,
Reynoldsfurt,1/17/2018 21:35,24.84,,,,,
Reynoldsfurt,4/19/2018 0:56,13.63,,,,,
Reynoldsfurt,4/11/2018 9:09,42.97,,,,,
Reynoldsfurt,3/8/2018 7:06,6.08,,,,,
Reynoldsfurt,5/4/2018 12:38,8.81,,,,,
Reynoldsfurt,3/10/2018 20:10,4.1,,,,,
Reynoldsfurt,3/29/2018 17:35,31.43,,,,,
Reynoldsfurt,4/12/2018 1:13,21.18,,,,,
Reynoldsfurt,3/14/2018 16:29,35.65,,,,,
Reynoldsfurt,2/2/2018 2:52,29.07,,,,,
Reynoldsfurt,1/21/2018 16:07,25.19,,,,,
Reynoldsfurt,2/13/2018 10:29,7.43,,,,,
Reynoldsfurt,3/21/2018 17:25,11.97,,,,,
Reynoldsfurt,2/3/2018 10:14,6.34,,,,,
Reynoldsfurt,4/11/2018 23:49,38.35,,,,,
Reynoldsfurt,2/9/2018 17:49,21.02,,,,,
Reynoldsfurt,2/14/2018 11:25,39.4,,,,,
Richardfort,2/24/2018 8:40,13.93,,,,,
Richardfort,2/13/2018 12:46,14,,,,,
Richardfort,2/16/2018 13:52,17.92,,,,,
Richardfort,2/1/2018 20:18,10.26,,,,,
Richardfort,4/17/2018 2:26,23,,,,,
Richardfort,4/21/2018 3:44,9.54,,,,,
Richardfort,2/3/2018 0:14,29.04,,,,,
Richardfort,2/8/2018 15:50,16.55,,,,,
Richardfort,4/3/2018 15:07,40.77,,,,,
Richardfort,2/19/2018 14:09,27.11,,,,,
Richardfort,4/22/2018 3:06,39.74,,,,,
Richardfort,1/31/2018 14:51,43.92,,,,,
Richardfort,3/4/2018 22:13,14.83,,,,,
Richardfort,3/28/2018 19:33,7.75,,,,,
Richardfort,2/14/2018 3:27,44.11,,,,,
Richardfort,4/27/2018 11:59,30.31,,,,,
Richardfort,3/3/2018 11:57,11.42,,,,,
Richardfort,1/13/2018 10:08,25.81,,,,,
Richardfort,3/6/2018 12:53,8.28,,,,,
Richardfort,2/5/2018 16:12,42.22,,,,,
Richardfort,4/4/2018 15:04,16.35,,,,,
Richardfort,3/5/2018 16:00,4.85,,,,,
Richardfort,4/14/2018 11:56,43.01,,,,,
Richardfort,1/21/2018 23:20,10.91,,,,,
Richardfort,3/16/2018 23:00,21.39,,,,,
Richardfort,3/22/2018 4:41,16.35,,,,,
Richardfort,1/3/2018 1:06,5.32,,,,,
Richardfort,3/29/2018 15:16,37.76,,,,,
Roberthaven,5/4/2018 14:48,25.66,,,,,
Roberthaven,2/24/2018 10:26,7.8,,,,,
Roberthaven,3/6/2018 22:56,12.38,,,,,
Roberthaven,3/14/2018 16:12,36.84,,,,,
Roberthaven,3/14/2018 15:24,35.27,,,,,
Roberthaven,4/5/2018 14:01,31.09,,,,,
Roberthaven,1/21/2018 19:25,23.14,,,,,
Roberthaven,2/16/2018 10:23,14.95,,,,,
Roberthaven,3/22/2018 4:19,34.69,,,,,
Roberthaven,3/30/2018 15:12,16.2,,,,,
Roberthaven,2/22/2018 19:42,27.48,,,,,
Roberthaven,3/27/2018 7:24,11.51,,,,,
Roberthaven,2/9/2018 0:25,11.71,,,,,
Roberthaven,3/5/2018 12:12,5.43,,,,,
Roberthaven,2/12/2018 7:58,37,,,,,
Roberthaven,4/25/2018 14:14,22.75,,,,,
Roberthaven,4/7/2018 16:53,13.4,,,,,
Roberthaven,3/17/2018 14:48,26.71,,,,,
Roberthaven,4/22/2018 4:12,31.29,,,,,
Roberthaven,1/28/2018 10:23,21.72,,,,,
Roberthaven,1/28/2018 22:09,28.11,,,,,
Roberthaven,5/3/2018 5:43,42.15,,,,,
Roberthaven,1/15/2018 21:25,30.42,,,,,
Roberthaven,5/2/2018 21:36,21.8,,,,,
Robertport,3/6/2018 9:51,6.73,,,,,
Robertport,3/20/2018 19:11,20.21,,,,,
Robertport,2/18/2018 15:01,43.47,,,,,
Robertport,4/3/2018 1:20,15.14,,,,,
Robertport,2/28/2018 22:50,13.39,,,,,
Robertport,4/19/2018 19:45,39.57,,,,,
Robertport,2/24/2018 22:01,8.48,,,,,
Robertport,1/25/2018 1:33,44.75,,,,,
Robertport,5/3/2018 2:36,31.62,,,,,
Robertport,3/25/2018 18:55,35.29,,,,,
Robertport,4/24/2018 23:45,19.73,,,,,
Robertport,4/27/2018 12:31,41.48,,,,,
Robertport,4/27/2018 10:55,11.42,,,,,
Robertport,3/21/2018 5:48,8.2,,,,,
Robertport,3/26/2018 22:47,13.34,,,,,
Robertport,2/14/2018 4:42,18.38,,,,,
Robertport,4/30/2018 23:36,14.81,,,,,
Robertport,3/17/2018 22:50,14.61,,,,,
Robertport,4/16/2018 9:48,36.11,,,,,
Robertport,4/18/2018 6:58,24.48,,,,,
Rodneyfort,2/10/2018 23:22,23.44,,,,,
Rodneyfort,3/2/2018 18:03,44.26,,,,,
Rodneyfort,2/3/2018 0:48,44.86,,,,,
Rodneyfort,4/25/2018 20:57,21.7,,,,,
Rodneyfort,1/30/2018 12:34,16.99,,,,,
Rodneyfort,1/8/2018 0:29,29.4,,,,,
Rodneyfort,2/8/2018 7:35,30.02,,,,,
Rodneyfort,3/20/2018 10:40,42.57,,,,,
Rodneyfort,5/6/2018 22:21,27.16,,,,,
Rodneyfort,3/4/2018 15:13,28.69,,,,,
Rodneyfort,4/11/2018 2:57,36.3,,,,,
Rodneyfort,3/10/2018 5:23,29.13,,,,,
Rodneyfort,4/10/2018 23:38,25.4,,,,,
Rodneyfort,3/7/2018 23:37,7.78,,,,,
Rodneyfort,4/29/2018 0:20,44.28,,,,,
Rodneyfort,4/12/2018 23:29,27.81,,,,,
Rodneyfort,3/15/2018 10:18,30.83,,,,,
Rodneyfort,5/5/2018 3:19,22.24,,,,,
Rodneyfort,1/12/2018 6:17,7.05,,,,,
Rodneyfort,1/11/2018 14:18,23.21,,,,,
Rodneyfort,3/24/2018 19:06,31.41,,,,,
Rodneyfort,2/6/2018 11:01,27.87,,,,,
Rodneyfort,4/19/2018 9:46,35.79,,,,,
Rodriguezview,3/27/2018 19:44,49.65,,,,,
Rodriguezview,4/20/2018 0:03,23.58,,,,,
Rodriguezview,2/17/2018 14:10,22.76,,,,,
Rodriguezview,2/15/2018 10:47,45.4,,,,,
Rodriguezview,1/9/2018 11:55,29.19,,,,,
Rodriguezview,5/1/2018 9:45,26.92,,,,,
Rodriguezview,5/5/2018 20:48,25.19,,,,,
Rodriguezview,4/24/2018 8:08,18.22,,,,,
Rodriguezview,4/28/2018 0:56,26.61,,,,,
Rodriguezview,1/12/2018 2:10,26.41,,,,,
Rodriguezview,2/19/2018 8:21,42.1,,,,,
Rodriguezview,4/22/2018 20:56,44.68,,,,,
Rodriguezview,4/7/2018 3:41,13.71,,,,,
Rodriguezview,2/14/2018 1:59,30.39,,,,,
Rodriguezview,2/21/2018 1:34,36.37,,,,,
Rogerston,5/8/2018 1:54,32.69,,,,,
Rogerston,2/23/2018 19:13,14.04,,,,,
Rogerston,3/24/2018 2:56,39.6,,,,,
Rogerston,3/16/2018 20:49,43.82,,,,,
Rogerston,3/2/2018 0:54,25.14,,,,,
Rogerston,1/3/2018 21:45,36.28,,,,,
Rogerston,2/14/2018 5:24,19.42,,,,,
Rogerston,4/1/2018 9:27,28.54,,,,,
Rogerston,3/18/2018 12:47,8.58,,,,,
Rogerston,1/30/2018 21:18,8.87,,,,,
Rogerston,3/19/2018 16:58,29.88,,,,,
Rogerston,3/14/2018 14:43,10.29,,,,,
Rogerston,3/8/2018 3:46,17.81,,,,,
Rogerston,2/16/2018 2:04,20.64,,,,,
Rogerston,1/16/2018 8:38,31.34,,,,,
Rogerston,3/26/2018 4:27,13.97,,,,,
Rogerston,1/23/2018 18:16,21.64,,,,,
Rogerston,1/27/2018 19:45,13.4,,,,,
Rogerston,3/7/2018 12:09,27.26,,,,,
Rogerston,2/27/2018 3:58,27.4,,,,,
Rogerston,1/26/2018 14:42,11.13,,,,,
Rogerston,2/3/2018 21:09,4.41,,,,,
Royland,1/7/2018 2:23,24.5,,,,,
Royland,1/1/2018 3:46,7.57,,,,,
Royland,1/2/2018 20:08,10.19,,,,,
Royland,4/19/2018 0:05,25.4,,,,,
Royland,1/17/2018 14:08,27.92,,,,,
Royland,1/27/2018 1:01,24.56,,,,,
Royland,2/11/2018 3:46,30.41,,,,,
Royland,2/2/2018 12:51,42.52,,,,,
Royland,2/20/2018 19:14,38.28,,,,,
Royland,5/4/2018 2:54,15.14,,,,,
Royland,2/12/2018 1:18,44.33,,,,,
Royland,2/10/2018 13:50,11.24,,,,,
Royland,3/25/2018 18:17,7.09,,,,,
Royland,1/26/2018 21:29,14.68,,,,,
Royland,4/9/2018 0:32,22.89,,,,,
Royland,1/15/2018 8:50,4.1,,,,,
Royland,1/16/2018 2:06,4.89,,,,,
Royland,2/19/2018 8:25,13.02,,,,,
Royland,3/22/2018 22:02,23.31,,,,,
Royland,2/21/2018 22:19,5.95,,,,,
Royland,2/22/2018 22:46,10.19,,,,,
Royland,3/24/2018 10:24,10.05,,,,,
Royland,1/11/2018 14:23,43.07,,,,,
Royland,5/7/2018 14:58,36.22,,,,,
Royland,2/18/2018 2:03,8.32,,,,,
Royland,4/23/2018 1:14,40.39,,,,,
Royland,1/20/2018 12:13,6.66,,,,,
Royland,1/11/2018 9:50,18.42,,,,,
Royland,3/23/2018 12:21,13.7,,,,,
Royland,1/18/2018 0:03,32.11,,,,,
Simpsonburgh,4/26/2018 0:43,35.98,,,,,
Simpsonburgh,1/19/2018 23:06,15.83,,,,,
Simpsonburgh,3/22/2018 8:56,22.05,,,,,
Simpsonburgh,4/3/2018 8:47,4.74,,,,,
Simpsonburgh,2/5/2018 16:02,25.58,,,,,
Simpsonburgh,1/12/2018 4:35,24.83,,,,,
Simpsonburgh,4/26/2018 9:31,33.71,,,,,
Simpsonburgh,4/1/2018 4:02,25.65,,,,,
Simpsonburgh,4/12/2018 19:38,22.45,,,,,
Simpsonburgh,3/31/2018 11:49,24.16,,,,,
Simpsonburgh,2/14/2018 22:52,30,,,,,
Simpsonburgh,4/28/2018 10:54,10.07,,,,,
Simpsonburgh,2/27/2018 0:58,13.38,,,,,
Simpsonburgh,1/6/2018 2:20,27.2,,,,,
Simpsonburgh,1/18/2018 12:48,15.36,,,,,
Simpsonburgh,1/31/2018 5:16,39.23,,,,,
Simpsonburgh,3/4/2018 11:08,23.33,,,,,
Simpsonburgh,2/15/2018 9:18,4.63,,,,,
Simpsonburgh,4/26/2018 22:20,29.22,,,,,
Simpsonburgh,5/4/2018 11:41,33.11,,,,,
Simpsonburgh,1/23/2018 20:35,39.95,,,,,
Simpsonburgh,1/8/2018 5:59,13.01,,,,,
Simpsonburgh,1/5/2018 16:36,39.44,,,,,
Simpsonburgh,3/3/2018 8:45,7.63,,,,,
Sotoville,3/29/2018 22:38,34.97,,,,,
Sotoville,4/22/2018 1:33,46.5,,,,,
Sotoville,1/25/2018 6:31,24.13,,,,,
Sotoville,4/23/2018 20:31,34.87,,,,,
Sotoville,1/1/2018 2:07,24.07,,,,,
Sotoville,3/28/2018 19:16,34.03,,,,,
Sotoville,4/22/2018 3:14,31.24,,,,,
Sotoville,4/27/2018 19:45,28.84,,,,,
Sotoville,1/21/2018 10:21,34.06,,,,,
Sotoville,1/2/2018 0:13,44.71,,,,,
Sotoville,3/13/2018 16:06,14.36,,,,,
South Brenda,4/28/2018 4:21,27.86,,,,,
South Brenda,4/21/2018 3:08,17.8,,,,,
South Brenda,1/19/2018 0:13,44.36,,,,,
South Brenda,1/10/2018 0:17,47.52,,,,,
South Brenda,2/19/2018 12:50,29.37,,,,,
South Brenda,1/3/2018 21:29,19.99,,,,,
South Brenda,1/16/2018 3:08,20.27,,,,,
South Brenda,3/23/2018 2:01,40.53,,,,,
South Brenda,2/19/2018 18:08,45.55,,,,,
South Brenda,1/1/2018 12:32,25.56,,,,,
South Brenda,3/21/2018 22:45,49.59,,,,,
South Brenda,1/16/2018 13:20,47.66,,,,,
South Brenda,3/4/2018 1:04,16.6,,,,,
South Brenda,1/28/2018 11:55,30.98,,,,,
South Brenda,1/5/2018 14:49,47.38,,,,,
South Brenda,2/13/2018 15:40,31.67,,,,,
South Brenda,2/14/2018 7:07,16.86,,,,,
South Brenda,4/10/2018 20:04,35.83,,,,,
South Brenda,3/8/2018 11:06,41.85,,,,,
South Brenda,4/26/2018 23:15,33.74,,,,,
South Brenda,4/27/2018 7:34,30.28,,,,,
South Brenda,2/18/2018 6:29,41.32,,,,,
South Brenda,3/19/2018 19:25,48.98,,,,,
South Brenda,4/25/2018 7:08,23.6,,,,,
South Evanton,2/14/2018 5:55,42.5,,,,,
South Evanton,1/7/2018 18:47,43.61,,,,,
South Evanton,1/24/2018 7:08,17.83,,,,,
South Evanton,4/28/2018 8:15,22.86,,,,,
South Evanton,3/6/2018 3:56,30.87,,,,,
South Evanton,4/27/2018 0:58,27.78,,,,,
South Evanton,1/20/2018 23:10,25.94,,,,,
South Evanton,4/25/2018 0:37,26.84,,,,,
South Evanton,3/17/2018 0:31,36.31,,,,,
South Evanton,2/25/2018 18:39,15.06,,,,,
South Evanton,2/21/2018 8:05,34.21,,,,,
South Evanton,4/10/2018 5:38,30.36,,,,,
South Evanton,3/6/2018 23:01,44.41,,,,,
South Evanton,1/10/2018 2:57,37.03,,,,,
South Evanton,2/25/2018 11:11,15.94,,,,,
South Evanton,4/14/2018 20:12,19.53,,,,,
South Evanton,2/7/2018 8:44,7.69,,,,,
South Evanton,3/22/2018 5:26,6.58,,,,,
South Evanton,1/11/2018 11:02,39.99,,,,,
South Evanton,4/26/2018 4:37,42.99,,,,,
South Evanton,3/25/2018 15:50,23.48,,,,,
South Evanton,4/29/2018 13:54,5.16,,,,,
South Evanton,2/13/2018 16:46,44.33,,,,,
South Evanton,4/6/2018 16:41,9.3,,,,,
South Evanton,2/26/2018 6:48,7.81,,,,,
South Evanton,1/17/2018 2:00,34.55,,,,,
South Evanton,5/7/2018 12:30,34.03,,,,,
South Evanton,4/8/2018 1:01,5.62,,,,,
South Evanton,1/2/2018 6:55,16.96,,,,,
South Evanton,2/8/2018 18:08,38.21,,,,,
South Evanton,1/9/2018 15:10,40.73,,,,,
South Jack,3/6/2018 4:28,34.58,,,,,
South Jack,4/24/2018 19:33,38.04,,,,,
South Jack,3/30/2018 20:21,4.2,,,,,
South Jack,2/1/2018 22:32,28.37,,,,,
South Jack,1/31/2018 2:51,21.75,,,,,
South Jack,1/5/2018 11:31,13.14,,,,,
South Jack,1/14/2018 17:06,40.65,,,,,
South Jack,1/15/2018 5:51,5.58,,,,,
South Jack,3/14/2018 17:18,18.66,,,,,
South Jack,1/3/2018 23:11,4.95,,,,,
South Jack,2/1/2018 11:28,26.72,,,,,
South Jack,3/8/2018 8:55,17.17,,,,,
South Jack,2/13/2018 9:20,32.64,,,,,
South Jack,3/3/2018 9:00,29.88,,,,,
South Jack,1/29/2018 20:13,43.12,,,,,
South Jack,1/9/2018 20:31,21.13,,,,,
South Jack,2/17/2018 9:55,18.08,,,,,
South Jack,4/10/2018 1:23,29.97,,,,,
South Jack,2/6/2018 12:17,7.71,,,,,
South Jennifer,4/1/2018 9:32,21.63,,,,,
South Jennifer,3/7/2018 19:10,48.79,,,,,
South Jennifer,4/5/2018 14:35,32.2,,,,,
South Jennifer,4/2/2018 10:26,14.11,,,,,
South Jennifer,4/10/2018 20:46,43.25,,,,,
South Jennifer,1/30/2018 1:40,37.05,,,,,
South Jennifer,3/11/2018 0:51,49.82,,,,,
South Karenland,1/8/2018 3:28,35.09,,,,,
South Karenland,2/12/2018 6:52,36.01,,,,,
South Karenland,5/8/2018 2:31,41.33,,,,,
South Karenland,3/3/2018 14:48,37.3,,,,,
South Karenland,4/22/2018 21:37,22.86,,,,,
South Karenland,2/14/2018 14:00,39.53,,,,,
South Karenland,2/12/2018 3:42,5.78,,,,,
South Karenland,3/26/2018 6:12,35.5,,,,,
South Karenland,4/25/2018 14:44,24.86,,,,,
South Karenland,3/24/2018 23:37,41.44,,,,,
South Karenland,2/1/2018 19:45,31.64,,,,,
South Karenland,3/20/2018 10:34,33.24,,,,,
South Karenland,1/10/2018 23:48,37.58,,,,,
South Karenland,3/17/2018 1:22,23.26,,,,,
South Karenland,3/19/2018 14:50,23.07,,,,,
South Karenland,1/31/2018 15:50,36.28,,,,,
South Karenland,1/25/2018 8:14,31.02,,,,,
South Karenland,3/16/2018 2:20,4.87,,,,,
South Karenland,1/9/2018 20:59,44.44,,,,,
South Karenland,3/3/2018 7:40,22.44,,,,,
South Karenland,2/19/2018 2:20,39.59,,,,,
South Karenland,5/8/2018 11:38,19.77,,,,,
South Karenland,1/14/2018 2:07,24.71,,,,,
South Karenland,4/18/2018 13:07,8.56,,,,,
South Karenland,4/21/2018 11:42,7.44,,,,,
South Karenland,4/23/2018 9:19,12.34,,,,,
South Karenland,2/13/2018 3:55,24.16,,,,,
South Karenland,5/3/2018 16:09,19.69,,,,,
South Karenland,4/27/2018 16:20,6.62,,,,,
South Karenland,1/23/2018 5:56,22.54,,,,,
South Karenland,3/22/2018 4:17,15.54,,,,,
South Karenland,3/30/2018 1:56,20.21,,,,,
South Karenland,2/2/2018 14:50,10.54,,,,,
South Karenland,1/3/2018 6:18,39.16,,,,,
South Karenland,2/26/2018 13:01,38.05,,,,,
South Karenland,2/26/2018 20:40,35.61,,,,,
South Karenland,1/2/2018 21:27,19.57,,,,,
South Karenland,4/25/2018 5:20,36.71,,,,,
South Latoya,3/11/2018 12:26,9.52,,,,,
South Latoya,1/11/2018 18:44,27.41,,,,,
South Latoya,2/12/2018 16:32,30.22,,,,,
South Latoya,3/2/2018 6:06,10.35,,,,,
South Latoya,3/19/2018 16:19,31.72,,,,,
South Latoya,1/18/2018 20:09,10.98,,,,,
South Latoya,3/19/2018 22:03,40.29,,,,,
South Latoya,2/12/2018 22:59,5.54,,,,,
South Latoya,3/19/2018 7:54,30.03,,,,,
South Latoya,2/12/2018 16:31,28.92,,,,,
South Latoya,1/2/2018 0:44,43.72,,,,,
South Latoya,1/31/2018 23:20,14.82,,,,,
South Latoya,3/29/2018 22:54,5.93,,,,,
South Latoya,2/9/2018 20:42,12.17,,,,,
South Latoya,3/4/2018 12:20,5.04,,,,,
South Latoya,1/18/2018 6:04,5.69,,,,,
South Latoya,2/25/2018 23:06,25.87,,,,,
South Latoya,3/13/2018 1:15,16.01,,,,,
South Latoya,4/22/2018 12:29,27.54,,,,,
South Marychester,2/19/2018 0:23,32.72,,,,,
South Marychester,1/2/2018 11:18,52.12,,,,,
South Marychester,2/21/2018 19:16,55.4,,,,,
South Marychester,1/15/2018 21:44,30.26,,,,,
South Marychester,3/27/2018 12:07,34.42,,,,,
South Marychester,2/25/2018 19:06,54.66,,,,,
South Marychester,4/23/2018 12:21,25.94,,,,,
South Marychester,1/19/2018 11:40,49.44,,,,,
South Michelleport,3/4/2018 18:24,30.24,,,,,
South Michelleport,3/2/2018 9:54,33.12,,,,,
South Michelleport,1/8/2018 9:38,23.77,,,,,
South Michelleport,4/22/2018 3:15,43.62,,,,,
South Michelleport,3/3/2018 16:13,41.62,,,,,
South Michelleport,1/27/2018 19:38,15.45,,,,,
South Michelleport,4/14/2018 1:20,37.93,,,,,
South Michelleport,2/22/2018 7:44,22.52,,,,,
South Michelleport,2/12/2018 7:41,27.7,,,,,
South Michelleport,1/29/2018 20:40,9.79,,,,,
South Michelleport,1/9/2018 1:48,10.68,,,,,
South Michelleport,3/13/2018 4:21,10.44,,,,,
South Michelleport,4/21/2018 18:31,21.98,,,,,
South Michelleport,3/8/2018 4:18,27.42,,,,,
South Michelleport,5/7/2018 12:25,4.47,,,,,
South Michelleport,2/6/2018 17:29,25.58,,,,,
South Michelleport,3/23/2018 16:45,14.72,,,,,
South Michelleport,3/1/2018 22:01,24.55,,,,,
South Michelleport,4/1/2018 14:50,28.84,,,,,
South Michelleport,4/22/2018 2:38,9.72,,,,,
South Michelleport,1/2/2018 0:56,37.34,,,,,
South Michelleport,1/20/2018 5:30,34.72,,,,,
South Michelleport,1/27/2018 13:10,30.16,,,,,
South Michelleport,3/29/2018 8:33,11.06,,,,,
South Michelleport,2/11/2018 8:12,28.03,,,,,
South Michelleport,2/2/2018 11:56,12.77,,,,,
South Michelleport,3/12/2018 9:06,25.1,,,,,
South Michelleport,4/21/2018 15:29,36.47,,,,,
South Michelleport,1/5/2018 5:57,39.9,,,,,
South Michelleport,2/27/2018 2:00,10.4,,,,,
South Michelleport,4/27/2018 11:18,27.89,,,,,
South Phillip,2/9/2018 16:46,7.89,,,,,
South Phillip,5/4/2018 9:10,28.3,,,,,
South Phillip,1/29/2018 11:26,35.23,,,,,
South Phillip,4/18/2018 6:03,39.95,,,,,
South Phillip,5/6/2018 5:05,43.43,,,,,
South Phillip,1/25/2018 5:04,38.15,,,,,
South Phillip,2/19/2018 13:19,33.07,,,,,
South Phillip,4/11/2018 10:09,21.06,,,,,
South Phillip,3/18/2018 4:11,17.57,,,,,
South Phillip,2/19/2018 20:47,28.62,,,,,
South Phillip,2/28/2018 14:54,42.2,,,,,
South Phillip,2/1/2018 12:52,39.27,,,,,
South Phillip,3/25/2018 8:38,7.04,,,,,
South Phillip,4/18/2018 1:17,35.7,,,,,
South Phillip,1/17/2018 17:45,23.46,,,,,
South Phillip,1/16/2018 3:42,7.08,,,,,
South Phillip,5/1/2018 23:05,38.46,,,,,
South Phillip,1/20/2018 17:35,24,,,,,
South Phillip,5/2/2018 1:04,24.23,,,,,
South Phillip,2/12/2018 22:04,23.69,,,,,
South Phillip,4/17/2018 18:42,42.3,,,,,
South Phillip,3/2/2018 7:23,30.62,,,,,
South Phillip,1/14/2018 18:26,41.66,,,,,
South Phillip,1/5/2018 17:50,41.55,,,,,
South Phillip,4/21/2018 10:31,32.85,,,,,
South Phillip,3/23/2018 16:36,40.07,,,,,
South Phillip,4/16/2018 22:02,24.63,,,,,
South Phillip,1/7/2018 2:17,6.54,,,,,
South Phillip,5/7/2018 2:52,36.51,,,,,
South Phillip,3/15/2018 8:24,22.28,,,,,
South Phillip,5/3/2018 11:43,8.3,,,,,
South Saramouth,2/20/2018 16:32,44.29,,,,,
South Saramouth,1/28/2018 15:55,31.25,,,,,
South Saramouth,3/27/2018 21:07,11.87,,,,,
South Saramouth,4/12/2018 18:11,57.23,,,,,
South Teresa,1/29/2018 12:51,38.47,,,,,
South Teresa,2/23/2018 4:35,46.02,,,,,
South Teresa,4/2/2018 4:02,23.78,,,,,
South Teresa,3/28/2018 4:27,17.5,,,,,
South Teresa,4/19/2018 7:57,17.27,,,,,
South Teresa,3/12/2018 5:26,23.46,,,,,
South Teresa,2/12/2018 2:44,33.19,,,,,
South Teresa,3/25/2018 1:20,17.99,,,,,
South Teresa,2/24/2018 16:51,48.8,,,,,
South Teresa,4/19/2018 20:01,34.93,,,,,
South Teresa,3/26/2018 8:11,37.29,,,,,
South Teresa,3/1/2018 13:10,34.24,,,,,
South Teresa,4/25/2018 11:50,38.81,,,,,
South Teresa,4/27/2018 14:37,45.77,,,,,
South Teresa,4/15/2018 8:06,23.06,,,,,
South Teresa,2/23/2018 16:30,26.28,,,,,
South Teresa,1/20/2018 8:25,30.37,,,,,
South Teresa,1/13/2018 15:30,20.93,,,,,
South Teresa,3/8/2018 5:29,42.68,,,,,
South Teresa,2/11/2018 15:07,28.64,,,,,
South Teresa,3/5/2018 19:18,32.29,,,,,
South Teresa,3/9/2018 9:54,25.08,,,,,
Taylorhaven,4/6/2018 1:01,45.31,,,,,
Taylorhaven,3/5/2018 21:19,38.18,,,,,
Taylorhaven,4/3/2018 5:41,38.92,,,,,
Taylorhaven,4/1/2018 16:37,54.65,,,,,
Taylorhaven,3/5/2018 4:46,29.45,,,,,
Taylorhaven,4/2/2018 9:17,47.07,,,,,
Valentineton,3/2/2018 14:44,39.77,,,,,
Valentineton,2/1/2018 14:11,9.68,,,,,
Valentineton,2/27/2018 0:40,25.4,,,,,
Valentineton,3/25/2018 20:45,22.53,,,,,
Valentineton,1/10/2018 17:29,19.91,,,,,
Valentineton,1/19/2018 19:40,6.71,,,,,
Valentineton,2/23/2018 11:46,19.99,,,,,
Valentineton,4/3/2018 11:34,18.62,,,,,
Valentineton,2/25/2018 2:33,10.21,,,,,
Valentineton,1/1/2018 14:42,12.31,,,,,
Valentineton,3/18/2018 7:07,36.04,,,,,
Valentineton,2/8/2018 19:05,36.23,,,,,
Valentineton,4/28/2018 9:10,5.73,,,,,
Valentineton,1/2/2018 1:46,34.79,,,,,
Valentineton,2/17/2018 5:51,21.74,,,,,
Valentineton,3/6/2018 4:48,38.88,,,,,
Valentineton,1/22/2018 2:15,17.74,,,,,
Valentineton,1/3/2018 5:56,37.4,,,,,
Valentineton,2/17/2018 19:23,37.19,,,,,
Valentineton,3/8/2018 7:57,43.59,,,,,
Valentineton,1/12/2018 5:52,42.31,,,,,
Valentineton,3/16/2018 23:59,5.23,,,,,
Veronicaberg,1/19/2018 23:24,19.28,,,,,
Veronicaberg,4/24/2018 19:16,49.45,,,,,
Veronicaberg,2/2/2018 3:49,26.42,,,,,
Veronicaberg,1/18/2018 10:33,33.04,,,,,
Veronicaberg,1/8/2018 16:01,30.66,,,,,
Veronicaberg,2/5/2018 20:42,46.91,,,,,
Veronicaberg,4/25/2018 18:21,24.51,,,,,
Veronicaberg,1/20/2018 5:00,22.02,,,,,
Veronicaberg,5/7/2018 13:31,42.48,,,,,
Veronicaberg,2/9/2018 6:55,26.39,,,,,
Veronicaberg,1/11/2018 16:25,31.26,,,,,
Veronicaberg,1/31/2018 2:16,23.41,,,,,
Veronicaberg,1/18/2018 18:40,44.05,,,,,
Veronicaberg,1/29/2018 3:50,48.05,,,,,
Veronicaberg,4/23/2018 20:34,47.51,,,,,
Veronicaberg,3/28/2018 11:03,26.01,,,,,
Veronicaberg,4/2/2018 3:59,16.63,,,,,
Victoriaport,4/21/2018 15:21,12.13,,,,,
Victoriaport,4/22/2018 12:38,16.31,,,,,
Victoriaport,2/2/2018 19:14,25.68,,,,,
Victoriaport,4/2/2018 17:12,12.19,,,,,
Victoriaport,3/14/2018 3:47,16.5,,,,,
Victoriaport,1/20/2018 17:06,38.74,,,,,
Victoriaport,1/23/2018 19:59,27.09,,,,,
Victoriaport,2/27/2018 17:13,44.91,,,,,
Victoriaport,2/24/2018 7:58,45.66,,,,,
Victoriaport,1/26/2018 8:07,23.94,,,,,
Victoriaport,3/19/2018 16:48,29.54,,,,,
Victoriaport,1/15/2018 19:03,14.87,,,,,
Victoriaport,2/6/2018 16:28,45.86,,,,,
Victoriaport,1/29/2018 4:04,35.5,,,,,
West Angela,1/12/2018 1:45,26.86,,,,,
West Angela,1/10/2018 12:17,12.74,,,,,
West Angela,3/8/2018 1:08,41.06,,,,,
West Angela,3/10/2018 11:23,27.1,,,,,
West Angela,1/30/2018 18:08,19.13,,,,,
West Angela,1/30/2018 18:46,32.31,,,,,
West Angela,3/1/2018 11:13,30.3,,,,,
West Angela,2/5/2018 18:53,36.37,,,,,
West Angela,5/3/2018 9:04,24.07,,,,,
West Angela,4/14/2018 18:40,32.77,,,,,
West Angela,3/18/2018 12:08,34.05,,,,,
West Angela,4/18/2018 12:07,16.18,,,,,
West Angela,1/27/2018 9:35,9.24,,,,,
West Angela,3/8/2018 13:24,4.92,,,,,
West Angela,1/19/2018 0:36,40.4,,,,,
West Angela,4/3/2018 14:44,23.52,,,,,
West Angela,3/4/2018 17:50,20.72,,,,,
West Angela,5/5/2018 14:17,23.66,,,,,
West Angela,1/22/2018 2:28,32.18,,,,,
West Angela,3/7/2018 10:38,14.8,,,,,
West Angela,3/20/2018 23:44,23.83,,,,,
West Angela,1/25/2018 12:19,41.05,,,,,
West Angela,1/4/2018 20:45,20.33,,,,,
West Angela,5/1/2018 19:03,23.23,,,,,
West Angela,2/21/2018 13:51,29.99,,,,,
West Angela,2/15/2018 8:01,44.12,,,,,
West Angela,2/22/2018 2:22,19.44,,,,,
West Angela,1/12/2018 1:55,20.46,,,,,
West Angela,1/2/2018 9:28,19.81,,,,,
West Angela,2/22/2018 4:05,23.09,,,,,
West Angela,3/18/2018 15:57,13.06,,,,,
West Angela,4/10/2018 17:06,31.03,,,,,
West Angela,4/11/2018 6:59,29.06,,,,,
West Angela,2/21/2018 8:28,40.55,,,,,
West Angela,3/17/2018 9:42,23.45,,,,,
West Angela,2/21/2018 12:29,27.68,,,,,
West Angela,4/13/2018 21:50,28.75,,,,,
West Angela,4/14/2018 12:28,39.95,,,,,
West Angela,5/7/2018 1:03,12.35,,,,,
West Anthony,3/6/2018 2:27,10.02,,,,,
West Anthony,1/23/2018 12:32,23.24,,,,,
West Anthony,2/24/2018 6:14,39.2,,,,,
West Anthony,3/17/2018 0:30,35.42,,,,,
West Anthony,1/10/2018 2:31,32.34,,,,,
West Anthony,4/29/2018 1:12,27.04,,,,,
West Anthony,4/15/2018 11:02,43.82,,,,,
West Anthony,4/3/2018 2:42,10.56,,,,,
West Anthony,4/20/2018 20:13,11.85,,,,,
West Anthony,2/19/2018 22:53,27.9,,,,,
West Anthony,3/3/2018 0:24,20.71,,,,,
West Anthony,2/4/2018 15:04,20.09,,,,,
West Anthony,1/12/2018 19:38,37.66,,,,,
West Anthony,4/16/2018 1:06,17.47,,,,,
West Anthony,5/1/2018 17:43,23.76,,,,,
West Anthony,2/11/2018 5:48,15.55,,,,,
West Anthony,3/21/2018 1:28,15.64,,,,,
West Anthony,3/13/2018 8:03,5.03,,,,,
West Anthony,5/3/2018 4:49,21.38,,,,,
West Anthony,4/22/2018 8:14,19.95,,,,,
West Anthony,4/3/2018 1:47,31.6,,,,,
West Anthony,4/6/2018 2:25,14.3,,,,,
West Anthony,2/7/2018 16:55,33.51,,,,,
West Anthony,3/11/2018 12:23,41.37,,,,,
West Anthony,4/18/2018 23:10,31.16,,,,,
West Anthony,4/8/2018 6:21,20.83,,,,,
West Anthony,2/10/2018 9:16,38.54,,,,,
West Anthony,2/3/2018 18:24,19.66,,,,,
West Anthony,4/18/2018 8:11,11.2,,,,,
West Anthony,3/8/2018 10:33,41.3,,,,,
West Christopherberg,3/18/2018 17:14,12.64,,,,,
West Christopherberg,1/17/2018 14:30,9.04,,,,,
West Christopherberg,1/23/2018 21:23,30.93,,,,,
West Christopherberg,1/8/2018 8:25,37.78,,,,,
West Christopherberg,3/21/2018 0:14,43.87,,,,,
West Christopherberg,3/1/2018 21:33,11.97,,,,,
West Christopherberg,3/21/2018 2:57,21.41,,,,,
West Christopherberg,3/27/2018 23:57,21.55,,,,,
West Christopherberg,3/20/2018 3:04,42.83,,,,,
West Christopherberg,2/17/2018 3:30,4.4,,,,,
West Christopherberg,2/19/2018 19:49,40.98,,,,,
West Christopherberg,3/7/2018 20:09,32.27,,,,,
West Christopherberg,2/10/2018 19:41,8.42,,,,,
West Christopherberg,4/6/2018 13:59,25.31,,,,,
West Christopherberg,2/9/2018 12:25,33.97,,,,,
West Christopherberg,1/11/2018 21:37,44.76,,,,,
West Christopherberg,4/25/2018 6:22,35.39,,,,,
West Christopherberg,2/8/2018 23:04,14.22,,,,,
West Christopherberg,2/20/2018 15:23,26.9,,,,,
West Christopherberg,5/1/2018 12:39,39.8,,,,,
West Christopherberg,3/10/2018 22:42,7.98,,,,,
West Christopherberg,4/3/2018 12:01,33.03,,,,,
West Christopherberg,2/7/2018 1:24,10.91,,,,,
West Christopherberg,4/19/2018 4:53,22.86,,,,,
West Christopherberg,4/11/2018 14:46,4.88,,,,,
West Christopherberg,1/30/2018 8:11,16.85,,,,,
West Ericstad,4/24/2018 3:20,7.31,,,,,
West Ericstad,4/4/2018 13:03,28.52,,,,,
West Ericstad,1/25/2018 12:29,20.03,,,,,
West Ericstad,1/8/2018 9:03,32.99,,,,,
West Ericstad,3/28/2018 13:29,22.28,,,,,
West Ericstad,1/23/2018 10:13,10.12,,,,,
West Ericstad,4/13/2018 9:52,22.39,,,,,
West Ericstad,4/19/2018 20:35,5.75,,,,,
West Ericstad,3/29/2018 4:59,40.29,,,,,
West Ericstad,3/21/2018 9:28,18.24,,,,,
West Ericstad,1/25/2018 20:18,23.27,,,,,
West Ericstad,4/12/2018 12:08,27.69,,,,,
West Ericstad,1/27/2018 4:30,29.05,,,,,
West Ericstad,2/5/2018 15:30,30.89,,,,,
West Ericstad,5/5/2018 0:44,7.76,,,,,
West Ericstad,3/18/2018 15:28,23.62,,,,,
West Ericstad,3/4/2018 12:31,43.98,,,,,
West Ericstad,1/21/2018 12:14,8.07,,,,,
West Gabriel,4/29/2018 1:22,36.7,,,,,
West Gabriel,1/15/2018 14:51,13.38,,,,,
West Gabriel,4/21/2018 4:50,4.96,,,,,
West Gabriel,1/16/2018 6:23,25.97,,,,,
West Gabriel,5/1/2018 2:18,27.45,,,,,
West Gabriel,2/28/2018 12:03,31.82,,,,,
West Gabriel,3/9/2018 4:39,14.41,,,,,
West Gabriel,2/20/2018 6:07,8.44,,,,,
West Gabriel,3/17/2018 4:22,15.95,,,,,
West Gabriel,4/20/2018 5:31,23.69,,,,,
West Gabriel,4/27/2018 0:34,37.74,,,,,
West Gabriel,4/25/2018 14:28,10.86,,,,,
West Gabriel,1/30/2018 15:37,25.64,,,,,
West Gabriel,5/1/2018 4:34,8.67,,,,,
West Gabriel,1/31/2018 2:31,6.8,,,,,
West Gabriel,4/8/2018 21:34,13.31,,,,,
West Gabriel,1/15/2018 18:25,11.71,,,,,
West Gabriel,1/12/2018 16:34,31.98,,,,,
West Gabriel,1/23/2018 5:22,40.17,,,,,
West Gabriel,2/17/2018 7:39,17.03,,,,,
West Gabriel,1/28/2018 22:22,5.58,,,,,
West Gabriel,2/20/2018 9:30,28.13,,,,,
West Gabriel,5/5/2018 1:24,27.57,,,,,
West Hannah,4/19/2018 1:06,37.78,,,,,
West Hannah,3/22/2018 20:18,25.86,,,,,
West Hannah,1/9/2018 3:44,14.41,,,,,
West Hannah,2/1/2018 2:36,33.85,,,,,
West Hannah,4/19/2018 21:55,24.58,,,,,
West Hannah,2/18/2018 14:27,40.22,,,,,
West Hannah,2/6/2018 20:06,18.33,,,,,
West Hannah,2/16/2018 20:00,20.35,,,,,
West Hannah,3/25/2018 2:14,40.11,,,,,
West Hannah,5/5/2018 7:51,36.08,,,,,
West Hannah,1/27/2018 19:15,22.42,,,,,
West Hannah,2/17/2018 17:21,12.6,,,,,
West Hannah,4/23/2018 4:56,47.08,,,,,
West Hannah,4/2/2018 16:29,33.41,,,,,
West Hannah,2/13/2018 9:44,42.61,,,,,
West Hannah,1/7/2018 19:37,46.64,,,,,
West Hannah,3/9/2018 11:22,21.44,,,,,
West Hannah,2/22/2018 23:29,23.36,,,,,
West Hannah,2/23/2018 11:22,23.5,,,,,
West Hannah,1/21/2018 19:54,41.95,,,,,
West Hannah,3/2/2018 17:06,13.92,,,,,
West Heather,3/12/2018 4:22,26.55,,,,,
West Heather,2/22/2018 9:01,17.4,,,,,
West Heather,2/22/2018 1:46,33.38,,,,,
West Heather,2/4/2018 16:29,13.97,,,,,
West Heather,4/18/2018 19:33,46.6,,,,,
West Heather,3/2/2018 21:04,20.99,,,,,
West Heather,3/6/2018 20:06,48.11,,,,,
West Heather,2/2/2018 6:28,53.07,,,,,
West Heather,5/7/2018 19:22,44.94,,,,,
West Heidi,3/14/2018 23:46,24.4,,,,,
West Heidi,4/3/2018 3:16,24.76,,,,,
West Heidi,3/30/2018 10:46,22.41,,,,,
West Heidi,3/26/2018 9:45,22.33,,,,,
West Heidi,1/30/2018 12:59,30.84,,,,,
West Heidi,3/19/2018 3:15,5.65,,,,,
West Heidi,5/5/2018 15:47,37.75,,,,,
West Heidi,2/5/2018 19:24,24.32,,,,,
West Heidi,3/11/2018 16:10,43.45,,,,,
West Heidi,2/24/2018 4:41,40.8,,,,,
West Heidi,3/30/2018 2:27,11.15,,,,,
West Heidi,2/27/2018 11:19,35.19,,,,,
West Heidi,3/2/2018 9:13,23.55,,,,,
West Heidi,3/18/2018 4:53,4.29,,,,,
West Heidi,2/6/2018 0:47,40.55,,,,,
West Heidi,1/17/2018 3:43,5.78,,,,,
West Heidi,4/6/2018 8:54,25.06,,,,,
West Heidi,4/18/2018 20:05,32.74,,,,,
West Heidi,4/17/2018 0:03,8.91,,,,,
West Heidi,2/9/2018 19:23,39.76,,,,,
West Heidi,4/6/2018 21:40,23.41,,,,,
West Heidi,4/22/2018 0:38,8.89,,,,,
West Heidi,2/19/2018 21:08,7.64,,,,,
West Heidi,1/17/2018 9:28,24.19,,,,,
West Heidi,1/1/2018 5:23,10.75,,,,,
West Heidi,3/21/2018 0:26,9.06,,,,,
West Heidi,1/29/2018 8:17,38.68,,,,,
West Heidi,1/15/2018 11:49,21.44,,,,,
West Josephberg,2/19/2018 16:22,36.39,,,,,
West Josephberg,3/5/2018 3:27,12.91,,,,,
West Josephberg,2/9/2018 14:07,4.42,,,,,
West Josephberg,1/16/2018 16:17,7.04,,,,,
West Josephberg,2/17/2018 6:28,41.49,,,,,
West Josephberg,1/29/2018 2:13,7.58,,,,,
West Josephberg,2/28/2018 18:19,11.1,,,,,
West Josephberg,1/18/2018 12:47,43.85,,,,,
West Josephberg,4/19/2018 1:55,42.53,,,,,
West Josephberg,2/19/2018 20:48,4.07,,,,,
West Josephberg,3/16/2018 7:06,10.04,,,,,
West Josephberg,4/29/2018 10:20,28.73,,,,,
West Josephberg,1/14/2018 18:07,9.71,,,,,
West Josephberg,4/12/2018 0:11,15.49,,,,,
West Josephberg,2/15/2018 0:51,36.7,,,,,
West Josephberg,3/23/2018 1:43,33.12,,,,,
West Josephberg,3/8/2018 21:57,9.54,,,,,
West Josephberg,1/17/2018 5:32,7.87,,,,,
West Josephberg,4/30/2018 14:45,40.08,,,,,
West Josephberg,1/20/2018 1:27,38.39,,,,,
West Josephberg,3/21/2018 15:44,6.13,,,,,
West Josephberg,3/30/2018 1:27,25.19,,,,,
West Josephberg,4/11/2018 3:53,18.65,,,,,
West Josephberg,5/7/2018 10:11,29.66,,,,,
West Josephberg,1/12/2018 12:45,5.77,,,,,
West Josephberg,1/31/2018 13:24,38.28,,,,,
West Kimmouth,1/4/2018 10:24,20.69,,,,,
West Kimmouth,1/13/2018 20:10,19.47,,,,,
West Kimmouth,2/8/2018 21:11,27.93,,,,,
West Kimmouth,3/16/2018 18:10,35.36,,,,,
West Kimmouth,2/6/2018 0:42,13.59,,,,,
West Kimmouth,3/7/2018 22:30,29.43,,,,,
West Kimmouth,1/17/2018 9:19,24.22,,,,,
West Kimmouth,4/5/2018 11:36,28.07,,,,,
West Kimmouth,4/15/2018 19:22,27.16,,,,,
West Kimmouth,5/1/2018 9:07,23.69,,,,,
West Kimmouth,3/9/2018 2:23,35.3,,,,,
West Kimmouth,3/29/2018 4:50,34.84,,,,,
West Kimmouth,1/9/2018 19:41,19.77,,,,,
West Kimmouth,2/10/2018 23:43,23.35,,,,,
West Kimmouth,3/24/2018 21:04,49.96,,,,,
West Kimmouth,2/2/2018 19:04,36.71,,,,,
West Kimmouth,4/29/2018 2:04,31.59,,,,,
West Kimmouth,2/18/2018 11:53,49.38,,,,,
West Kimmouth,3/5/2018 22:04,48.2,,,,,
West Kimmouth,3/13/2018 14:50,18.72,,,,,
West Patrickchester,3/19/2018 5:46,40.86,,,,,
West Patrickchester,3/7/2018 15:47,23.66,,,,,
West Patrickchester,1/14/2018 1:15,24.82,,,,,
West Patrickchester,2/9/2018 5:54,16.1,,,,,
West Patrickchester,3/6/2018 4:19,32.37,,,,,
West Patrickchester,4/13/2018 19:49,33.33,,,,,
West Patrickchester,4/19/2018 3:26,44.5,,,,,
West Patrickchester,2/12/2018 16:33,22.64,,,,,
West Patrickchester,1/21/2018 14:48,19.44,,,,,
West Patrickchester,3/17/2018 4:51,17.38,,,,,
West Patrickchester,5/3/2018 1:24,44.85,,,,,
West Patrickchester,4/7/2018 17:41,33.9,,,,,
West Patrickchester,3/6/2018 0:02,31.33,,,,,
West Patrickchester,3/2/2018 20:29,25.28,,,,,
West Patrickchester,2/16/2018 2:15,12.15,,,,,
West Patrickchester,4/18/2018 11:41,29.12,,,,,
West Robert,2/15/2018 4:21,12.28,,,,,
West Robert,4/5/2018 3:18,44.58,,,,,
West Robert,1/21/2018 17:21,27.11,,,,,
West Robert,4/13/2018 6:56,32.94,,,,,
West Robert,1/4/2018 6:10,35.35,,,,,
West Robert,5/5/2018 5:18,10.15,,,,,
West Robert,3/24/2018 15:21,34.9,,,,,
West Robert,1/11/2018 11:10,5.16,,,,,
West Robert,3/7/2018 15:57,12.22,,,,,
West Robert,5/4/2018 4:36,5.36,,,,,
West Robert,3/6/2018 6:10,22.86,,,,,
West Robert,4/12/2018 8:17,32.48,,,,,
West Robert,2/23/2018 19:46,33.24,,,,,
West Robert,4/7/2018 6:17,40.69,,,,,
West Robert,2/27/2018 4:29,22.81,,,,,
West Robert,2/27/2018 20:51,8.37,,,,,
West Robert,1/17/2018 4:56,12.71,,,,,
West Robert,3/7/2018 6:32,4.28,,,,,
West Robert,2/9/2018 5:16,26.1,,,,,
West Robert,2/12/2018 1:20,14.8,,,,,
West Robert,3/14/2018 15:25,18.28,,,,,
West Robert,4/16/2018 16:16,25.65,,,,,
West Robert,3/28/2018 15:00,35.88,,,,,
West Robert,3/29/2018 4:22,17.53,,,,,
West Robert,1/30/2018 11:32,43.02,,,,,
West Robert,2/1/2018 11:37,30.94,,,,,
West Robert,3/16/2018 16:27,42.89,,,,,
West Robert,2/18/2018 11:51,44.97,,,,,
West Robert,2/19/2018 0:53,40.64,,,,,
West Robert,1/15/2018 8:14,33.91,,,,,
West Robert,3/10/2018 20:00,6.74,,,,,
West Samuelburgh,5/3/2018 14:33,41.12,,,,,
West Samuelburgh,5/2/2018 13:55,38.77,,,,,
West Samuelburgh,3/3/2018 3:17,25.17,,,,,
West Samuelburgh,3/3/2018 16:07,27.48,,,,,
West Samuelburgh,3/7/2018 1:51,14.55,,,,,
West Samuelburgh,2/20/2018 1:05,19.65,,,,,
West Samuelburgh,4/17/2018 11:25,15.03,,,,,
West Samuelburgh,2/19/2018 11:01,17.77,,,,,
West Samuelburgh,1/31/2018 9:17,14.11,,,,,
West Samuelburgh,4/17/2018 19:01,10.58,,,,,
West Samuelburgh,1/6/2018 8:34,43.05,,,,,
West Samuelburgh,4/25/2018 15:55,26.44,,,,,
West Samuelburgh,2/12/2018 18:45,6.76,,,,,
West Samuelburgh,2/27/2018 6:43,32.73,,,,,
West Samuelburgh,1/11/2018 1:36,25.07,,,,,
West Samuelburgh,1/16/2018 3:43,14.93,,,,,
West Samuelburgh,2/5/2018 21:02,31.94,,,,,
West Samuelburgh,1/18/2018 10:57,16.96,,,,,
West Samuelburgh,3/7/2018 20:34,34.22,,,,,
West Samuelburgh,1/6/2018 13:23,11.01,,,,,
West Samuelburgh,2/22/2018 22:11,17.35,,,,,
West Samuelburgh,1/31/2018 17:10,9.67,,,,,
West Samuelburgh,4/8/2018 12:38,14.52,,,,,
West Samuelburgh,3/4/2018 12:38,28.18,,,,,
West Samuelburgh,2/22/2018 18:15,7.13,,,,,
Williamsonville,1/9/2018 23:59,48.73,,,,,
Williamsonville,2/1/2018 17:54,38.9,,,,,
Williamsonville,1/17/2018 1:26,28.65,,,,,
Williamsonville,2/12/2018 17:54,26.49,,,,,
Williamsonville,3/19/2018 8:30,44.85,,,,,
Williamsonville,2/19/2018 7:48,22.23,,,,,
Williamsonville,1/30/2018 5:20,36.81,,,,,
Williamsonville,1/14/2018 7:33,40.72,,,,,
Williamsonville,4/4/2018 3:48,18.77,,,,,
Williamsonville,5/7/2018 19:45,26.11,,,,,
Williamsonville,3/6/2018 3:55,25.69,,,,,
Williamsonville,4/25/2018 17:18,32.93,,,,,
Williamsonville,3/22/2018 3:05,38.41,,,,,
Williamsonville,4/28/2018 19:35,16.96,,,,,
Williamsstad,1/23/2018 17:51,19.62,,,,,
Williamsstad,3/29/2018 21:43,35.58,,,,,
Williamsstad,2/13/2018 20:07,33.72,,,,,
Williamsstad,5/1/2018 1:26,26.81,,,,,
Williamsstad,2/23/2018 17:42,4.68,,,,,
Williamsstad,3/5/2018 2:33,25.02,,,,,
Williamsstad,4/16/2018 23:07,23.12,,,,,
Williamsstad,3/12/2018 1:39,18.67,,,,,
Williamsstad,4/12/2018 12:30,17.57,,,,,
Williamsstad,2/21/2018 10:56,4.9,,,,,
Williamsstad,4/16/2018 16:21,32.43,,,,,
Williamsstad,2/22/2018 4:25,20.56,,,,,
Williamsstad,5/6/2018 12:39,40.79,,,,,
Williamsstad,1/6/2018 20:14,43.5,,,,,
Williamsstad,3/25/2018 16:07,42.93,,,,,
Williamsstad,4/26/2018 4:18,18.92,,,,,
Williamsstad,4/21/2018 23:26,26.99,,,,,
Williamsstad,4/1/2018 17:37,16.83,,,,,
Williamsstad,5/6/2018 19:34,26.43,,,,,
Williamsstad,1/20/2018 18:47,18.79,,,,,
Williamsstad,1/3/2018 10:03,17.16,,,,,
Williamsstad,3/12/2018 11:08,13.79,,,,,
Williamsstad,4/4/2018 6:55,31.52,,,,,
Williamsview,1/3/2018 16:19,18.93,,,,,
Williamsview,3/12/2018 6:47,8.35,,,,,
Williamsview,1/9/2018 15:24,44.46,,,,,
Williamsview,1/15/2018 0:10,44.33,,,,,
Williamsview,4/7/2018 0:32,18.92,,,,,
Williamsview,4/7/2018 2:32,19.19,,,,,
Williamsview,1/5/2018 0:44,21.59,,,,,
Williamsview,5/4/2018 14:56,32.8,,,,,
Williamsview,2/8/2018 6:11,25.3,,,,,
Williamsview,4/15/2018 16:09,44.74,,,,,
Williamsview,4/16/2018 8:23,20.38,,,,,
Williamsview,4/26/2018 0:30,20.89,,,,,
Williamsview,4/11/2018 20:41,33.68,,,,,
Williamsview,3/2/2018 22:23,25.15,,,,,
Williamsview,1/25/2018 0:47,41.17,,,,,
Williamsview,2/18/2018 2:31,18.75,,,,,
Williamsview,1/1/2018 14:40,5.42,,,,,
Williamsview,3/22/2018 22:31,15.85,,,,,
Williamsview,1/17/2018 4:00,32.29,,,,,
Williamsview,4/18/2018 2:07,39.79,,,,,
